<application>
  <component name="com.intellij.ide.ui.customization.CustomActionsSchema">
    <group value="GradleKiller.KillGradle" is_action="true" action_type="-1" position="8">
      <path value="root" />
      <path value="Main Toolbar" />
      <path value="Toolbar Run Actions" />
      <option name="myInitialPosition" value="-1" />
    </group>
    <group value="Debugger.PopFrame" is_action="true" action_type="-1" position="6">
      <path value="root" />
      <path value="Debug Tool Window Top Toolbar" />
      <option name="myInitialPosition" value="-1" />
    </group>
    <group value="Android Profiler" is_action="true" action_type="-1" position="5">
      <path value="root" />
      <path value="Main Toolbar" />
      <path value="Toolbar Run Actions" />
      <path value="Run/Debug" />
      <option name="myInitialPosition" value="-1" />
    </group>
    <group value="Coverage" is_action="true" action_type="-1" position="4">
      <path value="root" />
      <path value="Main Toolbar" />
      <path value="Toolbar Run Actions" />
      <path value="Run/Debug" />
      <option name="myInitialPosition" value="-1" />
    </group>
    <group value="ForceStepInto" is_action="true" action_type="-1" position="4">
      <path value="root" />
      <path value="Debug Tool Window Top Toolbar" />
      <option name="myInitialPosition" value="-1" />
    </group>
    <group value="HelpTopics" is_action="true" action_type="-1" position="2">
      <path value="root" />
      <path value="Main menu" />
      <path value="Help" />
      <option name="myInitialPosition" value="-1" />
    </group>
    <group value="android.deploy.CodeSwap" is_action="true" action_type="-1" position="2">
      <path value="root" />
      <path value="Main Toolbar" />
      <path value="Toolbar Run Actions" />
      <path value="Run/Debug" />
      <option name="myInitialPosition" value="-1" />
    </group>
    <group value="Android.RunAndroidAvdManager" is_action="true" action_type="-1" position="2">
      <path value="root" />
      <path value="Main Toolbar" />
      <path value="Android.MainToolBarActionGroup" />
      <option name="myInitialPosition" value="-1" />
    </group>
    <group seperator="true" action_type="-1" position="1">
      <path value="root" />
      <path value="Main menu" />
      <path value="Help" />
      <option name="myInitialPosition" value="-1" />
    </group>
    <group value="ToolbarMakeGroup" is_group="true" action_type="-1" position="1">
      <path value="root" />
      <path value="Main Toolbar" />
      <path value="Toolbar Run Actions" />
      <option name="myInitialPosition" value="-1" />
    </group>
    <group value="android.deploy.ApplyChanges" is_action="true" action_type="-1" position="1">
      <path value="root" />
      <path value="Main Toolbar" />
      <path value="Toolbar Run Actions" />
      <path value="Run/Debug" />
      <option name="myInitialPosition" value="-1" />
    </group>
    <group value="Android.SyncProject" is_action="true" action_type="-1" position="1">
      <path value="root" />
      <path value="Main Toolbar" />
      <path value="Android.MainToolBarActionGroup" />
      <option name="myInitialPosition" value="-1" />
    </group>
    <group value="GotoAction" is_action="true" action_type="-1" position="0">
      <path value="root" />
      <path value="Main menu" />
      <path value="Help" />
      <option name="myInitialPosition" value="-1" />
    </group>
    <group value="Android.RunAndroidAvdManager" is_action="true" action_type="1" position="2">
      <path value="root" />
      <path value="Main Toolbar" />
      <path value="Android.MainToolBarActionGroup" />
      <option name="myInitialPosition" value="-1" />
    </group>
    <group value="Android.SyncProject" is_action="true" action_type="1" position="3">
      <path value="root" />
      <path value="Main Toolbar" />
      <path value="Android.MainToolBarActionGroup" />
      <option name="myInitialPosition" value="-1" />
    </group>
    <group value="Android.RunAndroidAvdManager" is_action="true" action_type="1" position="4">
      <path value="root" />
      <path value="Main menu" />
      <path value="Tools" />
      <path value="Android" />
      <option name="myInitialPosition" value="-1" />
    </group>
    <group value="GradleKiller.KillGradle" is_action="true" action_type="1" position="4">
      <path value="root" />
      <path value="Main Toolbar" />
      <path value="Android.MainToolBarActionGroup" />
      <option name="myInitialPosition" value="-1" />
    </group>
  </component>
</application>