<application>
  <component name="DiffSettings">
    <option name="PLACES_MAP">
      <entry key="ChangesView">
        <PlaceSettings />
      </entry>
      <entry key="CommitDialog">
        <PlaceSettings />
      </entry>
      <entry key="Default">
        <PlaceSettings />
      </entry>
      <entry key="TestsFiledAssertions">
        <PlaceSettings>
          <option name="DIFF_TOOLS_ORDER">
            <list>
              <option value="com.intellij.openapi.vcs.changes.patch.tool.ApplyPatchDiffTool" />
              <option value="com.intellij.diff.tools.simple.SimpleDiffTool" />
              <option value="com.intellij.diff.tools.fragmented.UnifiedDiffTool" />
              <option value="com.intellij.diff.tools.binary.BinaryDiffTool" />
              <option value="com.intellij.diff.tools.dir.DirDiffTool" />
            </list>
          </option>
        </PlaceSettings>
      </entry>
    </option>
  </component>
  <component name="TextDiffSettings">
    <option name="PLACES_MAP">
      <entry key="ChangesView">
        <PlaceSettings>
          <option name="EXPAND_BY_DEFAULT" value="false" />
        </PlaceSettings>
      </entry>
      <entry key="CommitDialog">
        <PlaceSettings>
          <option name="EXPAND_BY_DEFAULT" value="false" />
        </PlaceSettings>
      </entry>
      <entry key="Default">
        <PlaceSettings>
          <option name="SHOW_WHITESPACES" value="true" />
          <option name="SHOW_INDENT_LINES" value="true" />
        </PlaceSettings>
      </entry>
      <entry key="Merge">
        <PlaceSettings />
      </entry>
      <entry key="TestsFiledAssertions">
        <PlaceSettings>
          <option name="SHOW_WHITESPACES" value="true" />
          <option name="EXPAND_BY_DEFAULT" value="false" />
        </PlaceSettings>
      </entry>
    </option>
    <option name="SHARED_SETTINGS">
      <SharedSettings>
        <option name="CONTEXT_RANGE" value="8" />
      </SharedSettings>
    </option>
  </component>
</application>