<application>
  <component name="FileTypeManager" version="18">
    <extensionMap>
      <mapping ext="gradle.kts" type="Kotlin" />
      <mapping ext="main.kts" type="Kotlin" />
      <mapping pattern=".analysis_options" type="YAML" />
      <removed_mapping ext="apk" approved="true" type="ARCHIVE" />
      <removed_mapping ext="ignore" approved="true" type="IgnoreLang file" />
      <removed_mapping ext="psd" approved="true" type="Image" />
      <mapping pattern=".gitignore_global" type="Git file" />
    </extensionMap>
  </component>
</application>