<application>
  <component name="GeneralSettings">
    <option name="autoSaveIfInactive" value="true" />
    <option name="confirmExit" value="false" />
    <option name="confirmOpenNewProject2" value="0" />
    <option name="inactiveTimeout" value="60" />
    <option name="processCloseConfirmation" value="TERMINATE" />
    <option name="autoSaveFiles" value="false" />
    <option name="searchInBackground" value="true" />
    <option name="showTipsOnStartup" value="false" />
  </component>
  <component name="Registry">
    <entry key="ide.firstStartup" value="false" />
    <entry key="ide.tooltip.initialDelay" value="402" />
    <entry key="debugger.watches.in.variables" value="false" />
    <entry key="ide.mac.allowDarkWindowDecorations" value="true" />
    <entry key="external.system.auto.import.disabled" value="true" />
  </component>
  <component name="StatusBar">
    <option name="widgets">
      <map>
        <entry key="Memory" value="true" />
        <entry key="UserSentimentPanelNegative" value="false" />
        <entry key="UserSentimentPanelPositive" value="false" />
      </map>
    </option>
  </component>
</application>