<application>
  <component name="NotificationConfiguration">
    <notification groupId="ADB Logs" displayType="NONE" shouldLog="false" />
    <notification groupId="Android Module Importing" shouldLog="false" />
    <notification groupId="Android Property Files Updating" shouldLog="false" />
    <notification groupId="Android Session Restarted" displayType="TOOL_WINDOW" shouldLog="false" />
    <notification groupId="Build sync orphan modules" displayType="NONE" shouldLog="false" />
    <notification groupId="Clean artifact" shouldLog="false" />
    <notification groupId="Common Version Control Messages" displayType="TOOL_WINDOW" shouldLog="false" />
    <notification groupId="Compiler" displayType="NONE" shouldLog="false" />
    <notification groupId="External Executable Critical Failures" shouldLog="false" />
    <notification groupId="FindBugs: Plugin Suggestion" displayType="NONE" shouldLog="false" />
    <notification groupId="FindBugs: R-File Filter Suggestion" displayType="NONE" shouldLog="false" />
    <notification groupId="Framework Detection" shouldLog="false" />
    <notification groupId="Gradle Build (Balloon)" shouldLog="false" />
    <notification groupId="Gradle Build (Logging)" displayType="NONE" shouldLog="false" />
    <notification groupId="Gradle Notification Group" displayType="NONE" shouldLog="false" />
    <notification groupId="Gradle sync" displayType="NONE" shouldLog="false" />
    <notification groupId="Grape" shouldLog="false" />
    <notification groupId="IDE Fatal Errors" displayType="NONE" shouldLog="false" />
    <notification groupId="Inspection Results" displayType="TOOL_WINDOW" shouldLog="false" />
    <notification groupId="JDK Location different to JAVA_HOME" displayType="NONE" shouldLog="false" />
    <notification groupId="Maven Import" displayType="STICKY_BALLOON" shouldLog="false" />
    <notification groupId="Maven: non-managed pom.xml" shouldLog="false" />
    <notification groupId="Platform and Plugin Updates" shouldLog="false" />
    <notification groupId="Plugins Suggestion" shouldLog="false" />
    <notification groupId="Power Save Mode" shouldLog="false" />
    <notification groupId="Required Plugins" shouldLog="false" />
    <notification groupId="System Health" displayType="NONE" shouldLog="false" />
    <notification groupId="System Health (minor)" displayType="NONE" shouldLog="false" />
    <notification groupId="Test Runner" displayType="NONE" shouldLog="false" />
  </component>
</application>