<application>
  <component name="ProjectManager">
    <defaultProject>
      <component name="AndroidDexCompilerConfiguration">
        <option name="MAX_HEAP_SIZE" value="1280" />
      </component>
      <component name="CMakeSettings">
        <configurations>
          <configuration PROFILE_NAME="Debug" CONFIG_NAME="Debug" />
        </configurations>
      </component>
      <component name="CheckStyle-IDEA">
        <option name="configuration">
          <map>
            <entry key="checkstyle-version" value="8.29" />
            <entry key="copy-libs" value="true" />
            <entry key="location-0" value="BUNDLED:(bundled):Sun Checks" />
            <entry key="location-1" value="BUNDLED:(bundled):Google Checks" />
            <entry key="scan-before-checkin" value="false" />
            <entry key="scanscope" value="JavaOnly" />
            <entry key="suppress-errors" value="false" />
          </map>
        </option>
      </component>
      <component name="CheckStyle-IDEA-workspace">
        <option name="configuration">
          <map>
            <entry key="last-active-plugin-version" value="5.18.1" />
          </map>
        </option>
      </component>
      <component name="CompilerConfiguration">
        <option name="BUILD_PROCESS_HEAP_SIZE" value="1280" />
        <annotationProcessing>
          <profile default="true" name="Default" enabled="true" />
        </annotationProcessing>
      </component>
      <component name="CompilerWorkspaceConfiguration">
        <option name="COMPILER_PROCESS_HEAP_SIZE" value="1280" />
      </component>
      <component name="CopyrightManager">
        <copyright>
          <option name="myName" value="Apache License 2.0" />
          <option name="notice" value="                                 Apache License&#10;                           Version 2.0, January 2004&#10;                        http://www.apache.org/licenses/&#10;&#10;   TERMS AND CONDITIONS FOR USE, REPRODUCTION, AND DISTRIBUTION&#10;&#10;   1. Definitions.&#10;&#10;      &quot;License&quot; shall mean the terms and conditions for use, reproduction,&#10;      and distribution as defined by Sections 1 through 9 of this document.&#10;&#10;      &quot;Licensor&quot; shall mean the copyright owner or entity authorized by&#10;      the copyright owner that is granting the License.&#10;&#10;      &quot;Legal Entity&quot; shall mean the union of the acting entity and all&#10;      other entities that control, are controlled by, or are under common&#10;      control with that entity. For the purposes of this definition,&#10;      &quot;control&quot; means (i) the power, direct or indirect, to cause the&#10;      direction or management of such entity, whether by contract or&#10;      otherwise, or (ii) ownership of fifty percent (50%) or more of the&#10;      outstanding shares, or (iii) beneficial ownership of such entity.&#10;&#10;      &quot;You&quot; (or &quot;Your&quot;) shall mean an individual or Legal Entity&#10;      exercising permissions granted by this License.&#10;&#10;      &quot;Source&quot; form shall mean the preferred form for making modifications,&#10;      including but not limited to software source code, documentation&#10;      source, and configuration files.&#10;&#10;      &quot;Object&quot; form shall mean any form resulting from mechanical&#10;      transformation or translation of a Source form, including but&#10;      not limited to compiled object code, generated documentation,&#10;      and conversions to other media types.&#10;&#10;      &quot;Work&quot; shall mean the work of authorship, whether in Source or&#10;      Object form, made available under the License, as indicated by a&#10;      copyright notice that is included in or attached to the work&#10;      (an example is provided in the Appendix below).&#10;&#10;      &quot;Derivative Works&quot; shall mean any work, whether in Source or Object&#10;      form, that is based on (or derived from) the Work and for which the&#10;      editorial revisions, annotations, elaborations, or other modifications&#10;      represent, as a whole, an original work of authorship. For the purposes&#10;      of this License, Derivative Works shall not include works that remain&#10;      separable from, or merely link (or bind by name) to the interfaces of,&#10;      the Work and Derivative Works thereof.&#10;&#10;      &quot;Contribution&quot; shall mean any work of authorship, including&#10;      the original version of the Work and any modifications or additions&#10;      to that Work or Derivative Works thereof, that is intentionally&#10;      submitted to Licensor for inclusion in the Work by the copyright owner&#10;      or by an individual or Legal Entity authorized to submit on behalf of&#10;      the copyright owner. For the purposes of this definition, &quot;submitted&quot;&#10;      means any form of electronic, verbal, or written communication sent&#10;      to the Licensor or its representatives, including but not limited to&#10;      communication on electronic mailing lists, source code control systems,&#10;      and issue tracking systems that are managed by, or on behalf of, the&#10;      Licensor for the purpose of discussing and improving the Work, but&#10;      excluding communication that is conspicuously marked or otherwise&#10;      designated in writing by the copyright owner as &quot;Not a Contribution.&quot;&#10;&#10;      &quot;Contributor&quot; shall mean Licensor and any individual or Legal Entity&#10;      on behalf of whom a Contribution has been received by Licensor and&#10;      subsequently incorporated within the Work.&#10;&#10;   2. Grant of Copyright License. Subject to the terms and conditions of&#10;      this License, each Contributor hereby grants to You a perpetual,&#10;      worldwide, non-exclusive, no-charge, royalty-free, irrevocable&#10;      copyright license to reproduce, prepare Derivative Works of,&#10;      publicly display, publicly perform, sublicense, and distribute the&#10;      Work and such Derivative Works in Source or Object form.&#10;&#10;   3. Grant of Patent License. Subject to the terms and conditions of&#10;      this License, each Contributor hereby grants to You a perpetual,&#10;      worldwide, non-exclusive, no-charge, royalty-free, irrevocable&#10;      (except as stated in this section) patent license to make, have made,&#10;      use, offer to sell, sell, import, and otherwise transfer the Work,&#10;      where such license applies only to those patent claims licensable&#10;      by such Contributor that are necessarily infringed by their&#10;      Contribution(s) alone or by combination of their Contribution(s)&#10;      with the Work to which such Contribution(s) was submitted. If You&#10;      institute patent litigation against any entity (including a&#10;      cross-claim or counterclaim in a lawsuit) alleging that the Work&#10;      or a Contribution incorporated within the Work constitutes direct&#10;      or contributory patent infringement, then any patent licenses&#10;      granted to You under this License for that Work shall terminate&#10;      as of the date such litigation is filed.&#10;&#10;   4. Redistribution. You may reproduce and distribute copies of the&#10;      Work or Derivative Works thereof in any medium, with or without&#10;      modifications, and in Source or Object form, provided that You&#10;      meet the following conditions:&#10;&#10;      (a) You must give any other recipients of the Work or&#10;          Derivative Works a copy of this License; and&#10;&#10;      (b) You must cause any modified files to carry prominent notices&#10;          stating that You changed the files; and&#10;&#10;      (c) You must retain, in the Source form of any Derivative Works&#10;          that You distribute, all copyright, patent, trademark, and&#10;          attribution notices from the Source form of the Work,&#10;          excluding those notices that do not pertain to any part of&#10;          the Derivative Works; and&#10;&#10;      (d) If the Work includes a &quot;NOTICE&quot; text file as part of its&#10;          distribution, then any Derivative Works that You distribute must&#10;          include a readable copy of the attribution notices contained&#10;          within such NOTICE file, excluding those notices that do not&#10;          pertain to any part of the Derivative Works, in at least one&#10;          of the following places: within a NOTICE text file distributed&#10;          as part of the Derivative Works; within the Source form or&#10;          documentation, if provided along with the Derivative Works; or,&#10;          within a display generated by the Derivative Works, if and&#10;          wherever such third-party notices normally appear. The contents&#10;          of the NOTICE file are for informational purposes only and&#10;          do not modify the License. You may add Your own attribution&#10;          notices within Derivative Works that You distribute, alongside&#10;          or as an addendum to the NOTICE text from the Work, provided&#10;          that such additional attribution notices cannot be construed&#10;          as modifying the License.&#10;&#10;      You may add Your own copyright statement to Your modifications and&#10;      may provide additional or different license terms and conditions&#10;      for use, reproduction, or distribution of Your modifications, or&#10;      for any such Derivative Works as a whole, provided Your use,&#10;      reproduction, and distribution of the Work otherwise complies with&#10;      the conditions stated in this License.&#10;&#10;   5. Submission of Contributions. Unless You explicitly state otherwise,&#10;      any Contribution intentionally submitted for inclusion in the Work&#10;      by You to the Licensor shall be under the terms and conditions of&#10;      this License, without any additional terms or conditions.&#10;      Notwithstanding the above, nothing herein shall supersede or modify&#10;      the terms of any separate license agreement you may have executed&#10;      with Licensor regarding such Contributions.&#10;&#10;   6. Trademarks. This License does not grant permission to use the trade&#10;      names, trademarks, service marks, or product names of the Licensor,&#10;      except as required for reasonable and customary use in describing the&#10;      origin of the Work and reproducing the content of the NOTICE file.&#10;&#10;   7. Disclaimer of Warranty. Unless required by applicable law or&#10;      agreed to in writing, Licensor provides the Work (and each&#10;      Contributor provides its Contributions) on an &quot;AS IS&quot; BASIS,&#10;      WITHOUT WARRANTIES OR CONDITIONS OF ANY KIND, either express or&#10;      implied, including, without limitation, any warranties or conditions&#10;      of TITLE, NON-INFRINGEMENT, MERCHANTABILITY, or FITNESS FOR A&#10;      PARTICULAR PURPOSE. You are solely responsible for determining the&#10;      appropriateness of using or redistributing the Work and assume any&#10;      risks associated with Your exercise of permissions under this License.&#10;&#10;   8. Limitation of Liability. In no event and under no legal theory,&#10;      whether in tort (including negligence), contract, or otherwise,&#10;      unless required by applicable law (such as deliberate and grossly&#10;      negligent acts) or agreed to in writing, shall any Contributor be&#10;      liable to You for damages, including any direct, indirect, special,&#10;      incidental, or consequential damages of any character arising as a&#10;      result of this License or out of the use or inability to use the&#10;      Work (including but not limited to damages for loss of goodwill,&#10;      work stoppage, computer failure or malfunction, or any and all&#10;      other commercial damages or losses), even if such Contributor&#10;      has been advised of the possibility of such damages.&#10;&#10;   9. Accepting Warranty or Additional Liability. While redistributing&#10;      the Work or Derivative Works thereof, You may choose to offer,&#10;      and charge a fee for, acceptance of support, warranty, indemnity,&#10;      or other liability obligations and/or rights consistent with this&#10;      License. However, in accepting such obligations, You may act only&#10;      on Your own behalf and on Your sole responsibility, not on behalf&#10;      of any other Contributor, and only if You agree to indemnify,&#10;      defend, and hold each Contributor harmless for any liability&#10;      incurred by, or claims asserted against, such Contributor by reason&#10;      of your accepting any such warranty or additional liability.&#10;&#10;   END OF TERMS AND CONDITIONS&#10;&#10;   APPENDIX: How to apply the Apache License to your work.&#10;&#10;      To apply the Apache License to your work, attach the following&#10;      boilerplate notice, with the fields enclosed by brackets &quot;{}&quot;&#10;      replaced with your own identifying information. (Don't include&#10;      the brackets!)  The text should be enclosed in the appropriate&#10;      comment syntax for the file format. We also recommend that a&#10;      file or class name and description of purpose be included on the&#10;      same &quot;printed page&quot; as the copyright notice for easier&#10;      identification within third-party archives.&#10;&#10;   Copyright &amp;#36;today.year Alan Tai&#10;&#10;   Licensed under the Apache License, Version 2.0 (the &quot;License&quot;);&#10;   you may not use this file except in compliance with the License.&#10;   You may obtain a copy of the License at&#10;&#10;       http://www.apache.org/licenses/LICENSE-2.0&#10;&#10;   Unless required by applicable law or agreed to in writing, software&#10;   distributed under the License is distributed on an &quot;AS IS&quot; BASIS,&#10;   WITHOUT WARRANTIES OR CONDITIONS OF ANY KIND, either express or implied.&#10;   See the License for the specific language governing permissions and&#10;   limitations under the License." />
        </copyright>
      </component>
      <component name="Encoding">
        <file url="PROJECT" charset="UTF-8" />
      </component>
      <component name="FileColors">
        <fileColor scope="Non-Project Files (Material Default)" color="2E3C43" />
        <fileColor scope="Non-Project Files (Material Darker)" color="323232" />
        <fileColor scope="Non-Project Files (Material Lighter)" color="eae8e8" />
        <fileColor scope="Non-Project Files (Material Palenight)" color="2f2e43" />
      </component>
      <component name="FindBugs-IDEA">
        <analysisEffort>max</analysisEffort>
        <plugins>
          <plugin id="com.h3xstream.findsecbugs" enabled="true" bundled="true" />
          <plugin id="com.mebigfatguy.fbcontrib" enabled="true" bundled="true" />
          <plugin id="jp.f.dev.findbugs.detect.android" enabled="true" bundled="true" />
        </plugins>
        <excludeFilterFiles>
          <filter file="$USER_HOME$/Projects/findbugs-android-exclude.xml" enabled="true" />
        </excludeFilterFiles>
      </component>
      <component name="FindBugs-IDEA-Workspace">
        <runInBackground>true</runInBackground>
        <toolWindowToFront>false</toolWindowToFront>
      </component>
      <component name="GradleLocalSettings">
        <option name="modificationStamps">
          <map>
            <entry key="D:/Programming/Projects/IBM-Watson-Common" value="5771184991960" />
          </map>
        </option>
        <option name="externalProjectsViewState">
          <projects_view />
        </option>
      </component>
      <component name="MarkdownProjectSettings">
        <PreviewSettings splitEditorLayout="SPLIT" splitEditorPreview="PREVIEW" useGrayscaleRendering="false" zoomFactor="1.0" maxImageWidth="0" showGitHubPageIfSynced="false" allowBrowsingInPreview="false" synchronizePreviewPosition="true" highlightPreviewType="LINE" highlightFadeOut="5" highlightOnTyping="true" synchronizeSourcePosition="true">
          <PanelProvider>
            <provider providerId="com.vladsch.idea.multimarkdown.editor.swing.html.panel" providerName="Default - Swing" />
          </PanelProvider>
        </PreviewSettings>
        <ParserSettings>
          <PegdownExtensions>
            <option name="ABBREVIATIONS" value="false" />
            <option name="ANCHORLINKS" value="true" />
            <option name="ATXHEADERSPACE" value="true" />
            <option name="AUTOLINKS" value="true" />
            <option name="DEFINITIONS" value="false" />
            <option name="FENCED_CODE_BLOCKS" value="true" />
            <option name="FOOTNOTES" value="false" />
            <option name="HARDWRAPS" value="false" />
            <option name="INSERTED" value="false" />
            <option name="QUOTES" value="false" />
            <option name="RELAXEDHRULES" value="true" />
            <option name="SMARTS" value="false" />
            <option name="STRIKETHROUGH" value="true" />
            <option name="SUBSCRIPT" value="false" />
            <option name="SUPERSCRIPT" value="false" />
            <option name="SUPPRESS_HTML_BLOCKS" value="false" />
            <option name="SUPPRESS_INLINE_HTML" value="false" />
            <option name="TABLES" value="true" />
            <option name="TASKLISTITEMS" value="true" />
            <option name="TOC" value="false" />
            <option name="WIKILINKS" value="true" />
          </PegdownExtensions>
          <ParserOptions>
            <option name="COMMONMARK_LISTS" value="false" />
            <option name="DUMMY" value="false" />
            <option name="EMOJI_SHORTCUTS" value="true" />
            <option name="FLEXMARK_FRONT_MATTER" value="false" />
            <option name="GFM_TABLE_RENDERING" value="true" />
            <option name="GITBOOK_URL_ENCODING" value="false" />
            <option name="GITHUB_EMOJI_URL" value="false" />
            <option name="GITHUB_LISTS" value="true" />
            <option name="GITHUB_WIKI_LINKS" value="true" />
            <option name="JEKYLL_FRONT_MATTER" value="false" />
            <option name="SIM_TOC_BLANK_LINE_SPACER" value="true" />
          </ParserOptions>
        </ParserSettings>
        <HtmlSettings headerTopEnabled="false" headerBottomEnabled="false" bodyTopEnabled="false" bodyBottomEnabled="false" embedUrlContent="false" addPageHeader="true">
          <GeneratorProvider>
            <provider providerId="com.vladsch.idea.multimarkdown.editor.swing.html.generator" providerName="Default Swing HTML Generator" />
          </GeneratorProvider>
          <headerTop />
          <headerBottom />
          <bodyTop />
          <bodyBottom />
        </HtmlSettings>
        <CssSettings previewScheme="UI_SCHEME" cssUri="" isCssUriEnabled="false" isCssTextEnabled="false" isDynamicPageWidth="true">
          <StylesheetProvider>
            <provider providerId="com.vladsch.idea.multimarkdown.editor.swing.html.css" providerName="Default Swing Stylesheet" />
          </StylesheetProvider>
          <ScriptProviders />
          <cssText />
        </CssSettings>
        <HtmlExportSettings updateOnSave="false" parentDir="$ProjectFileDir$" targetDir="$ProjectFileDir$" cssDir="" scriptDir="" plainHtml="false" imageDir="" copyLinkedImages="false" imageUniquifyType="0" targetExt="" useTargetExt="false" noCssNoScripts="false" linkToExportedHtml="true" exportOnSettingsChange="true" regenerateOnProjectOpen="false" />
        <LinkMapSettings>
          <textMaps />
        </LinkMapSettings>
      </component>
      <component name="ProjectCodeStyleConfiguration">
        <code_scheme name="Project" version="173">
          <Objective-C-extensions>
            <file>
              <option name="com.jetbrains.cidr.lang.util.OCDeclarationKind" value="Import" />
              <option name="com.jetbrains.cidr.lang.util.OCDeclarationKind" value="Macro" />
              <option name="com.jetbrains.cidr.lang.util.OCDeclarationKind" value="Typedef" />
              <option name="com.jetbrains.cidr.lang.util.OCDeclarationKind" value="Enum" />
              <option name="com.jetbrains.cidr.lang.util.OCDeclarationKind" value="Constant" />
              <option name="com.jetbrains.cidr.lang.util.OCDeclarationKind" value="Global" />
              <option name="com.jetbrains.cidr.lang.util.OCDeclarationKind" value="Struct" />
              <option name="com.jetbrains.cidr.lang.util.OCDeclarationKind" value="FunctionPredecl" />
              <option name="com.jetbrains.cidr.lang.util.OCDeclarationKind" value="Function" />
            </file>
            <class>
              <option name="com.jetbrains.cidr.lang.util.OCDeclarationKind" value="Property" />
              <option name="com.jetbrains.cidr.lang.util.OCDeclarationKind" value="Synthesize" />
              <option name="com.jetbrains.cidr.lang.util.OCDeclarationKind" value="InitMethod" />
              <option name="com.jetbrains.cidr.lang.util.OCDeclarationKind" value="StaticMethod" />
              <option name="com.jetbrains.cidr.lang.util.OCDeclarationKind" value="InstanceMethod" />
              <option name="com.jetbrains.cidr.lang.util.OCDeclarationKind" value="DeallocMethod" />
            </class>
            <extensions>
              <pair source="cpp" header="h" fileNamingConvention="NONE" />
              <pair source="c" header="h" fileNamingConvention="NONE" />
            </extensions>
          </Objective-C-extensions>
        </code_scheme>
      </component>
      <component name="ProjectRootManager" version="2" languageLevel="JDK_1_6" />
      <component name="PropertiesComponent">
        <property name="LombokPluginEnabledInProject" value="true" />
        <property name="LombokPluginIS_ANNOTATION_PROCESSING_CHECK_Enabled" value="true" />
        <property name="LombokPluginIS_BUILDER_Enabled" value="false" />
        <property name="LombokPluginIS_CONSTRUCTOR_Enabled" value="true" />
        <property name="LombokPluginIS_DELEGATE_Enabled" value="false" />
        <property name="LombokPluginIS_LOG_Enabled" value="false" />
        <property name="LombokPluginIS_LOMBOK_VERSION_CHECK_Enabled" value="false" />
        <property name="LombokPluginIS_MISSING_LOMBOK_CHECK_Enabled" value="false" />
        <property name="LombokPluginIS_VAL_Enabled" value="false" />
        <property name="android.project.structure.last.selected" value="SDK Location" />
        <property name="android.project.structure.proportion" value="0.15" />
        <property name="android.sdk.path" value="$USER_HOME$/Library/Android/sdk" />
        <property name="last_opened_file_path" value="$USER_HOME$/Projects/checkstyle.xml" />
        <property name="settings.editor.selected.configurable" value="configurable.group.editor" />
      </component>
      <component name="RunManager">
        <configuration default="true" type="Application" factoryName="Application">
          <extension name="coverage" enabled="false" merge="false" sample_coverage="true" runner="idea" />
          <option name="MAIN_CLASS_NAME" />
          <option name="VM_PARAMETERS" />
          <option name="PROGRAM_PARAMETERS" />
          <option name="WORKING_DIRECTORY" value="$PROJECT_DIR$" />
          <option name="ALTERNATIVE_JRE_PATH_ENABLED" value="false" />
          <option name="ALTERNATIVE_JRE_PATH" />
          <option name="ENABLE_SWING_INSPECTOR" value="false" />
          <option name="ENV_VARIABLES" />
          <option name="PASS_PARENT_ENVS" value="true" />
          <module name="" />
          <envs />
          <method />
        </configuration>
        <configuration default="true" type="JUnit" factoryName="JUnit">
          <extension name="coverage" enabled="false" merge="false" sample_coverage="true" runner="idea" />
          <module name="" />
          <option name="ALTERNATIVE_JRE_PATH_ENABLED" value="false" />
          <option name="ALTERNATIVE_JRE_PATH" />
          <option name="PACKAGE_NAME" />
          <option name="MAIN_CLASS_NAME" />
          <option name="METHOD_NAME" />
          <option name="TEST_OBJECT" value="class" />
          <option name="VM_PARAMETERS" value="-ea" />
          <option name="PARAMETERS" />
          <option name="WORKING_DIRECTORY" value="$MODULE_DIR$" />
          <option name="ENV_VARIABLES" />
          <option name="PASS_PARENT_ENVS" value="true" />
          <option name="TEST_SEARCH_SCOPE">
            <value defaultName="singleModule" />
          </option>
          <envs />
          <patterns />
          <method />
        </configuration>
        <configuration default="true" type="Remote" factoryName="Remote">
          <option name="USE_SOCKET_TRANSPORT" value="true" />
          <option name="SERVER_MODE" value="false" />
          <option name="SHMEM_ADDRESS" value="javadebug" />
          <option name="HOST" value="localhost" />
          <option name="PORT" value="5005" />
          <method />
        </configuration>
        <configuration name="&lt;template&gt;" type="Applet" default="true" selected="false">
          <option name="MAIN_CLASS_NAME" />
          <option name="HTML_FILE_NAME" />
          <option name="HTML_USED" value="false" />
          <option name="WIDTH" value="400" />
          <option name="HEIGHT" value="300" />
          <option name="POLICY_FILE" value="$APPLICATION_HOME_DIR$/bin/appletviewer.policy" />
          <option name="VM_PARAMETERS" />
        </configuration>
        <configuration name="&lt;template&gt;" type="#org.jetbrains.idea.devkit.run.PluginConfigurationType" default="true" selected="false">
          <option name="VM_PARAMETERS" value="-Xmx512m -Xms256m -XX:MaxPermSize=250m -ea" />
        </configuration>
      </component>
      <component name="VcsContentAnnotationSettings">
        <option name="myLimit" value="2678400000" />
      </component>
      <component name="masterDetails">
        <states>
          <state key="Copyright.UI">
            <settings>
              <last-edited>Apache License 2.0</last-edited>
              <splitter-proportions>
                <option name="proportions">
                  <list>
                    <option value="0.2" />
                  </list>
                </option>
              </splitter-proportions>
            </settings>
          </state>
          <state key="ScopeChooserConfigurable.UI">
            <settings>
              <splitter-proportions>
                <option name="proportions">
                  <list>
                    <option value="0.2" />
                  </list>
                </option>
              </splitter-proportions>
            </settings>
          </state>
        </states>
      </component>
    </defaultProject>
  </component>
</application>