<application>
  <component name="GitRememberedInputs">
    <option name="visitedUrls">
      <list>
        <UrlAndUserName>
          <option name="url" value="http://stash.nullnullday.com" />
          <option name="userName" value="alantai" />
        </UrlAndUserName>
        <UrlAndUserName>
          <option name="url" value="git+ssh://gitolite@git.9gaginc.com/9gag-tv-vote-android" />
          <option name="userName" value="" />
        </UrlAndUserName>
        <UrlAndUserName>
          <option name="url" value="https://github.com/9gag/9gag-android.git" />
          <option name="userName" value="" />
        </UrlAndUserName>
      </list>
    </option>
    <option name="cloneParentDir" value="$USER_HOME$/Projects" />
  </component>
</application>