<application>
  <component name="FileTypeManager" version="17">
    <extensionMap>
      <mapping ext="klib" type="ARCHIVE" />
      <mapping pattern=".gitattributes" type="PLAIN_TEXT" />
      <mapping pattern="LICENSE" type="PLAIN_TEXT" />
      <mapping pattern=".yamllint" type="PLAIN_TEXT" />
      <mapping pattern="inventory" type="PLAIN_TEXT" />
      <mapping ext="conf" type="Properties" />
      <mapping ext="j2" type="Properties" />
      <mapping pattern="dev" type="Shell Script" />
      <mapping pattern=".gitignore_global" type="Git file" />
    </extensionMap>
  </component>
</application>