<application>
  <component name="FileTypeManager" version="18">
    <extensionMap>
      <mapping ext="gradle.kts" type="Kotlin" />
      <mapping ext="main.kts" type="Kotlin" />
      <mapping pattern=".pylintrc" type="PLAIN_TEXT" />
      <mapping pattern=".yamllint" type="PLAIN_TEXT" />
      <mapping pattern=".gitattributes" type="PLAIN_TEXT" />
      <mapping pattern="inventory" type="PLAIN_TEXT" />
      <mapping pattern="LICENSE" type="PLAIN_TEXT" />
      <mapping pattern=".coveragerc" type="PLAIN_TEXT" />
      <mapping pattern=".ansible-lint" type="PLAIN_TEXT" />
      <mapping pattern=".gitkeep" type="PLAIN_TEXT" />
      <mapping pattern=".terraformrc" type="PLAIN_TEXT" />
      <mapping ext="bat" type="PLAIN_TEXT" />
      <mapping ext="pem" type="PLAIN_TEXT" />
      <mapping ext="cnf" type="PLAIN_TEXT" />
      <mapping ext="conf" type="Properties" />
      <mapping ext="j2" type="Properties" />
      <mapping pattern="dev" type="Shell Script" />
      <mapping pattern=".analysis_options" type="YAML" />
      <removed_mapping ext="apk" approved="true" type="ARCHIVE" />
      <removed_mapping ext="psd" approved="true" type="Image" />
      <removed_mapping ext="txt" approved="true" type="PLAIN_TEXT" />
      <removed_mapping ext="yaml" approved="true" type="YAML" />
      <removed_mapping ext="yml" approved="true" type="YAML" />
      <mapping pattern=".gitignore_global" type="Git file" />
    </extensionMap>
  </component>
</application>