<application>
  <component name="ProjectManager">
    <defaultProject>
      <component name="AutoImportSettings">
        <option name="autoReloadType" value="SELECTIVE" />
      </component>
      <component name="CheckStyle-IDEA">
        <option name="configuration">
          <map>
            <entry key="checkstyle-version" value="8.37" />
            <entry key="copy-libs" value="false" />
            <entry key="location-0" value="BUNDLED:(bundled):Sun Checks" />
            <entry key="location-1" value="BUNDLED:(bundled):Google Checks" />
            <entry key="scan-before-checkin" value="false" />
            <entry key="scanscope" value="JavaOnly" />
            <entry key="suppress-errors" value="false" />
          </map>
        </option>
      </component>
      <component name="CheckStyle-IDEA-workspace">
        <option name="configuration">
          <map>
            <entry key="last-active-plugin-version" value="5.18.4" />
          </map>
        </option>
      </component>
      <component name="CodeInsightWorkspaceSettings">
        <option name="optimizeImportsOnTheFly" value="true" />
      </component>
      <component name="CompilerConfiguration">
        <option name="BUILD_PROCESS_HEAP_SIZE" value="1536" />
      </component>
      <component name="GOROOT" path="/usr/local/Cellar/go/1.15/libexec" />
      <component name="GoDepProject">
        <integration-enabled>true</integration-enabled>
        <exec-path>/usr/local/bin/dep</exec-path>
      </component>
      <component name="ProjectInspectionProfilesVisibleTreeState">
        <entry key="Project Default">
          <profile-state>
            <expanded-state>
              <State />
            </expanded-state>
            <selected-state>
              <State>
                <id>AOP</id>
              </State>
            </selected-state>
          </profile-state>
        </entry>
      </component>
      <component name="ProjectRootManager" version="2" languageLevel="JDK_11" />
      <component name="ProjectViewState">
        <option name="autoscrollFromSource" value="true" />
        <option name="autoscrollToSource" value="true" />
        <option name="hideEmptyMiddlePackages" value="true" />
        <option name="showExcludedFiles" value="false" />
        <option name="showLibraryContents" value="true" />
      </component>
      <component name="PropertiesComponent">
        <property name="LombokPluginEnabledInProject" value="true" />
        <property name="LombokPluginIS_ANNOTATION_PROCESSING_CHECK_Enabled" value="true" />
        <property name="LombokPluginIS_BUILDER_Enabled" value="true" />
        <property name="LombokPluginIS_CONSTRUCTOR_Enabled" value="true" />
        <property name="LombokPluginIS_DELEGATE_Enabled" value="false" />
        <property name="LombokPluginIS_LOG_Enabled" value="true" />
        <property name="LombokPluginIS_LOMBOK_VERSION_CHECK_Enabled" value="false" />
        <property name="LombokPluginIS_MISSING_LOMBOK_CHECK_Enabled" value="false" />
        <property name="LombokPluginIS_VAL_Enabled" value="false" />
        <property name="android.sdk.path" value="$USER_HOME$/AppData/Local/Android/sdk" />
        <property name="configurable.Global.GOPATH.is.expanded" value="true" />
        <property name="configurable.Project.GOPATH.is.expanded" value="true" />
        <property name="go.import.settings.migrated" value="true" />
        <property name="nodejs_interpreter_path.stuck_in_default_project" value="C:/Program Files/nodejs/node" />
        <property name="nodejs_npm_path_reset_for_default_project" value="true" />
        <property name="project.structure.last.edited" value="Libraries" />
        <property name="project.structure.proportion" value="0.15" />
        <property name="project.structure.side.proportion" value="0.2" />
        <property name="settings.editor.selected.configurable" value="AndroidSdkUpdater" />
      </component>
      <component name="SpringGeneralSettings">
        <option name="allowAutoConfigurationMode" value="true" />
      </component>
      <component name="VgoProject">
        <integration-enabled>true</integration-enabled>
      </component>
      <component name="accountSettings">
        <option name="activeProfile" value="profile:default" />
        <option name="activeRegion" value="us-west-2" />
        <option name="recentlyUsedProfiles">
          <list>
            <option value="profile:default" />
          </list>
        </option>
        <option name="recentlyUsedRegions">
          <list>
            <option value="us-west-2" />
          </list>
        </option>
      </component>
      <component name="masterDetails">
        <states>
          <state key="GlobalLibrariesConfigurable.UI">
            <settings>
              <last-edited>Python 3.8 (hknews) interpreter library</last-edited>
            </settings>
          </state>
          <state key="JdkListConfigurable.UI">
            <settings>
              <last-edited>14</last-edited>
              <splitter-proportions>
                <option name="proportions">
                  <list>
                    <option value="0.2" />
                  </list>
                </option>
              </splitter-proportions>
            </settings>
          </state>
          <state key="ProjectJDKs.UI">
            <settings>
              <last-edited>1.8</last-edited>
              <splitter-proportions>
                <option name="proportions">
                  <list>
                    <option value="0.2" />
                  </list>
                </option>
              </splitter-proportions>
            </settings>
          </state>
          <state key="ProjectLibrariesConfigurable.UI">
            <settings>
              <splitter-proportions>
                <option name="proportions">
                  <list>
                    <option value="0.2" />
                  </list>
                </option>
              </splitter-proportions>
            </settings>
          </state>
          <state key="ScopeChooserConfigurable.UI">
            <settings>
              <splitter-proportions>
                <option name="proportions">
                  <list>
                    <option value="0.2" />
                  </list>
                </option>
              </splitter-proportions>
            </settings>
          </state>
        </states>
      </component>
    </defaultProject>
  </component>
</application>