<application>
  <component name="SettingsSyncPlugins">
    <option name="plugins">
      <map>
        <entry key="AngularJS">
          <value>
            <PluginData>
              <option name="dependencies">
                <set>
                  <option value="JavaScript" />
                  <option value="com.intellij.modules.platform" />
                </set>
              </option>
              <option name="enabled" value="false" />
            </PluginData>
          </value>
        </entry>
        <entry key="AntSupport">
          <value>
            <PluginData>
              <option name="dependencies">
                <set>
                  <option value="com.intellij.modules.java" />
                  <option value="com.intellij.properties" />
                </set>
              </option>
              <option name="enabled" value="false" />
            </PluginData>
          </value>
        </entry>
        <entry key="CheckStyle-IDEA">
          <value>
            <PluginData>
              <option name="dependencies">
                <set>
                  <option value="com.intellij.modules.java" />
                </set>
              </option>
            </PluginData>
          </value>
        </entry>
        <entry key="DevKit">
          <value>
            <PluginData>
              <option name="dependencies">
                <set>
                  <option value="com.intellij.modules.java" />
                  <option value="com.intellij.modules.json" />
                  <option value="com.intellij.properties" />
                </set>
              </option>
              <option name="enabled" value="false" />
            </PluginData>
          </value>
        </entry>
        <entry key="Docker">
          <value>
            <PluginData>
              <option name="enabled" value="false" />
            </PluginData>
          </value>
        </entry>
        <entry key="GlassFish">
          <value>
            <PluginData>
              <option name="dependencies">
                <set>
                  <option value="com.intellij.javaee" />
                  <option value="com.intellij.javaee.app.servers.integration" />
                </set>
              </option>
              <option name="enabled" value="false" />
            </PluginData>
          </value>
        </entry>
        <entry key="JBoss">
          <value>
            <PluginData>
              <option name="dependencies">
                <set>
                  <option value="com.intellij.javaee" />
                  <option value="com.intellij.javaee.app.servers.integration" />
                </set>
              </option>
              <option name="enabled" value="false" />
            </PluginData>
          </value>
        </entry>
        <entry key="PerforceDirectPlugin">
          <value>
            <PluginData>
              <option name="dependencies">
                <set>
                  <option value="com.intellij.modules.lang" />
                  <option value="com.intellij.modules.vcs" />
                </set>
              </option>
              <option name="enabled" value="false" />
            </PluginData>
          </value>
        </entry>
        <entry key="Pythonid">
          <value>
            <PluginData>
              <option name="dependencies">
                <set>
                  <option value="com.intellij.modules.python-pro-capable" />
                  <option value="com.intellij.modules.ultimate" />
                </set>
              </option>
              <option name="enabled" value="false" />
            </PluginData>
          </value>
        </entry>
        <entry key="Subversion">
          <value>
            <PluginData>
              <option name="dependencies">
                <set>
                  <option value="com.intellij.modules.vcs" />
                </set>
              </option>
              <option name="enabled" value="false" />
            </PluginData>
          </value>
        </entry>
        <entry key="TestNG-J">
          <value>
            <PluginData>
              <option name="dependencies">
                <set>
                  <option value="com.intellij.modules.java" />
                </set>
              </option>
              <option name="enabled" value="false" />
            </PluginData>
          </value>
        </entry>
        <entry key="Tomcat">
          <value>
            <PluginData>
              <option name="dependencies">
                <set>
                  <option value="com.intellij.javaee" />
                  <option value="com.intellij.javaee.app.servers.integration" />
                </set>
              </option>
              <option name="enabled" value="false" />
            </PluginData>
          </value>
        </entry>
        <entry key="XPathView">
          <value>
            <PluginData>
              <option name="dependencies">
                <set>
                  <option value="com.intellij.modules.xml" />
                </set>
              </option>
              <option name="enabled" value="false" />
            </PluginData>
          </value>
        </entry>
        <entry key="XSLT-Debugger">
          <value>
            <PluginData>
              <option name="dependencies">
                <set>
                  <option value="XPathView" />
                  <option value="com.intellij.modules.xml" />
                </set>
              </option>
              <option name="enabled" value="false" />
            </PluginData>
          </value>
        </entry>
        <entry key="YAML/Ansible support">
          <value>
            <PluginData>
              <option name="dependencies">
                <set>
                  <option value="com.intellij.modules.lang" />
                </set>
              </option>
            </PluginData>
          </value>
        </entry>
        <entry key="ZKM">
          <value>
            <PluginData>
              <option name="dependencies">
                <set>
                  <option value="com.intellij.modules.java" />
                  <option value="com.intellij.modules.ultimate" />
                </set>
              </option>
              <option name="enabled" value="false" />
            </PluginData>
          </value>
        </entry>
        <entry key="aws.toolkit">
          <value>
            <PluginData>
              <option name="dependencies">
                <set>
                  <option value="com.intellij.modules.lang" />
                  <option value="org.jetbrains.plugins.yaml" />
                </set>
              </option>
              <option name="enabled" value="false" />
            </PluginData>
          </value>
        </entry>
        <entry key="cn.yiiguxing.plugin.md.palette">
          <value>
            <PluginData>
              <option name="dependencies">
                <set>
                  <option value="com.intellij.modules.lang" />
                </set>
              </option>
            </PluginData>
          </value>
        </entry>
        <entry key="com.android.tools.idea.smali">
          <value>
            <PluginData>
              <option name="dependencies">
                <set>
                  <option value="com.intellij.modules.java-capable" />
                  <option value="com.intellij.modules.lang" />
                </set>
              </option>
              <option name="enabled" value="false" />
            </PluginData>
          </value>
        </entry>
        <entry key="com.dmarcotte.handlebars">
          <value>
            <PluginData>
              <option name="dependencies">
                <set>
                  <option value="com.intellij.modules.lang" />
                </set>
              </option>
              <option name="enabled" value="false" />
            </PluginData>
          </value>
        </entry>
        <entry key="com.hiyunhong.gradlekiller">
          <value>
            <PluginData>
              <option name="dependencies">
                <set>
                  <option value="com.intellij.modules.platform" />
                </set>
              </option>
            </PluginData>
          </value>
        </entry>
        <entry key="com.intellij.analysis.pwa.java">
          <value>
            <PluginData>
              <option name="enabled" value="false" />
            </PluginData>
          </value>
        </entry>
        <entry key="com.intellij.beanValidation">
          <value>
            <PluginData>
              <option name="enabled" value="false" />
            </PluginData>
          </value>
        </entry>
        <entry key="com.intellij.cdi">
          <value>
            <PluginData>
              <option name="enabled" value="false" />
            </PluginData>
          </value>
        </entry>
        <entry key="com.intellij.copyright">
          <value>
            <PluginData>
              <option name="dependencies">
                <set>
                  <option value="com.intellij.modules.lang" />
                  <option value="com.intellij.modules.xml" />
                </set>
              </option>
              <option name="enabled" value="false" />
            </PluginData>
          </value>
        </entry>
        <entry key="com.intellij.datagen">
          <value>
            <PluginData>
              <option name="dependencies">
                <set>
                  <option value="com.intellij.modules.lang" />
                </set>
              </option>
            </PluginData>
          </value>
        </entry>
        <entry key="com.intellij.dsm">
          <value>
            <PluginData>
              <option name="dependencies">
                <set>
                  <option value="com.intellij.modules.java" />
                  <option value="com.intellij.modules.ultimate" />
                </set>
              </option>
              <option name="enabled" value="false" />
            </PluginData>
          </value>
        </entry>
        <entry key="com.intellij.freemarker">
          <value>
            <PluginData>
              <option name="enabled" value="false" />
            </PluginData>
          </value>
        </entry>
        <entry key="com.intellij.grpc">
          <value>
            <PluginData>
              <option name="enabled" value="false" />
            </PluginData>
          </value>
        </entry>
        <entry key="com.intellij.hibernate">
          <value>
            <PluginData>
              <option name="dependencies">
                <set>
                  <option value="com.intellij.database" />
                  <option value="com.intellij.javaee" />
                  <option value="com.intellij.javaee.jpa" />
                  <option value="com.intellij.persistence" />
                </set>
              </option>
              <option name="enabled" value="false" />
            </PluginData>
          </value>
        </entry>
        <entry key="com.intellij.javaee.app.servers.integration">
          <value>
            <PluginData>
              <option name="enabled" value="false" />
            </PluginData>
          </value>
        </entry>
        <entry key="com.intellij.javaee.extensions">
          <value>
            <PluginData>
              <option name="dependencies">
                <set>
                  <option value="com.intellij.javaee" />
                  <option value="com.intellij.microservices.jvm" />
                  <option value="com.intellij.modules.microservices" />
                </set>
              </option>
              <option name="enabled" value="false" />
            </PluginData>
          </value>
        </entry>
        <entry key="com.intellij.javaee.web">
          <value>
            <PluginData>
              <option name="enabled" value="false" />
            </PluginData>
          </value>
        </entry>
        <entry key="com.intellij.javaee.webSocket">
          <value>
            <PluginData>
              <option name="enabled" value="false" />
            </PluginData>
          </value>
        </entry>
        <entry key="com.intellij.jsp">
          <value>
            <PluginData>
              <option name="dependencies">
                <set>
                  <option value="com.intellij.javaee.el" />
                  <option value="com.intellij.modules.jsp.base" />
                  <option value="com.intellij.modules.ultimate" />
                  <option value="com.intellij.modules.xml" />
                </set>
              </option>
              <option name="enabled" value="false" />
            </PluginData>
          </value>
        </entry>
        <entry key="com.intellij.laf.macos">
          <value>
            <PluginData>
              <option name="enabled" value="false" />
            </PluginData>
          </value>
        </entry>
        <entry key="com.intellij.micronaut">
          <value>
            <PluginData>
              <option name="enabled" value="false" />
            </PluginData>
          </value>
        </entry>
        <entry key="com.intellij.microservices.ui">
          <value>
            <PluginData>
              <option name="enabled" value="false" />
            </PluginData>
          </value>
        </entry>
        <entry key="com.intellij.quarkus">
          <value>
            <PluginData>
              <option name="enabled" value="false" />
            </PluginData>
          </value>
        </entry>
        <entry key="com.intellij.spring.boot">
          <value>
            <PluginData />
          </value>
        </entry>
        <entry key="com.intellij.spring.cloud">
          <value>
            <PluginData>
              <option name="enabled" value="false" />
            </PluginData>
          </value>
        </entry>
        <entry key="com.intellij.spring.integration">
          <value>
            <PluginData>
              <option name="enabled" value="false" />
            </PluginData>
          </value>
        </entry>
        <entry key="com.intellij.spring.messaging">
          <value>
            <PluginData>
              <option name="enabled" value="false" />
            </PluginData>
          </value>
        </entry>
        <entry key="com.intellij.spring.mvc">
          <value>
            <PluginData>
              <option name="enabled" value="false" />
            </PluginData>
          </value>
        </entry>
        <entry key="com.intellij.spring.websocket">
          <value>
            <PluginData>
              <option name="enabled" value="false" />
            </PluginData>
          </value>
        </entry>
        <entry key="com.intellij.tasks">
          <value>
            <PluginData>
              <option name="dependencies">
                <set>
                  <option value="com.intellij.modules.xml" />
                </set>
              </option>
              <option name="enabled" value="false" />
            </PluginData>
          </value>
        </entry>
        <entry key="com.intellij.tasks.timeTracking">
          <value>
            <PluginData>
              <option name="dependencies">
                <set>
                  <option value="com.intellij.modules.platform" />
                  <option value="com.intellij.modules.ultimate" />
                  <option value="com.intellij.tasks" />
                </set>
              </option>
              <option name="enabled" value="false" />
            </PluginData>
          </value>
        </entry>
        <entry key="com.intellij.thymeleaf">
          <value>
            <PluginData>
              <option name="enabled" value="false" />
            </PluginData>
          </value>
        </entry>
        <entry key="com.intellij.uiDesigner">
          <value>
            <PluginData>
              <option name="dependencies">
                <set>
                  <option value="com.intellij.java-i18n" />
                  <option value="com.intellij.properties" />
                </set>
              </option>
              <option name="enabled" value="false" />
            </PluginData>
          </value>
        </entry>
        <entry key="com.intellij.velocity">
          <value>
            <PluginData>
              <option name="dependencies">
                <set>
                  <option value="com.intellij.modules.java" />
                  <option value="com.intellij.modules.ultimate" />
                  <option value="com.intellij.properties" />
                </set>
              </option>
              <option name="enabled" value="false" />
            </PluginData>
          </value>
        </entry>
        <entry key="com.jetbrains.changeReminder">
          <value>
            <PluginData>
              <option name="dependencies">
                <set>
                  <option value="Git4Idea" />
                  <option value="com.intellij.modules.vcs" />
                </set>
              </option>
              <option name="enabled" value="false" />
            </PluginData>
          </value>
        </entry>
        <entry key="com.jetbrains.codeWithMe">
          <value>
            <PluginData>
              <option name="dependencies">
                <set>
                  <option value="com.intellij.modules.platform" />
                  <option value="com.jetbrains.projector.libs" />
                </set>
              </option>
              <option name="enabled" value="false" />
            </PluginData>
          </value>
        </entry>
        <entry key="com.jetbrains.gateway">
          <value>
            <PluginData>
              <option name="dependencies">
                <set>
                  <option value="com.intellij.modules.platform" />
                  <option value="com.intellij.modules.ssh" />
                </set>
              </option>
              <option name="enabled" value="false" />
            </PluginData>
          </value>
        </entry>
        <entry key="com.jetbrains.gateway.terminal">
          <value>
            <PluginData>
              <option name="dependencies">
                <set>
                  <option value="com.intellij.modules.ssh" />
                  <option value="com.jetbrains.gateway" />
                  <option value="org.jetbrains.plugins.terminal" />
                </set>
              </option>
              <option name="enabled" value="false" />
            </PluginData>
          </value>
        </entry>
        <entry key="com.jetbrains.performancePlugin">
          <value>
            <PluginData>
              <option name="enabled" value="false" />
            </PluginData>
          </value>
        </entry>
        <entry key="com.jetbrains.performancePlugin.dynamicPlugins">
          <value>
            <PluginData>
              <option name="dependencies">
                <set>
                  <option value="com.jetbrains.performancePlugin" />
                </set>
              </option>
              <option name="enabled" value="false" />
            </PluginData>
          </value>
        </entry>
        <entry key="com.jetbrains.performancePlugin.gradle">
          <value>
            <PluginData>
              <option name="enabled" value="false" />
            </PluginData>
          </value>
        </entry>
        <entry key="com.jetbrains.performancePlugin.java">
          <value>
            <PluginData>
              <option name="enabled" value="false" />
            </PluginData>
          </value>
        </entry>
        <entry key="com.jetbrains.performancePlugin.kotlin">
          <value>
            <PluginData>
              <option name="enabled" value="false" />
            </PluginData>
          </value>
        </entry>
        <entry key="com.jetbrains.performancePlugin.maven">
          <value>
            <PluginData>
              <option name="enabled" value="false" />
            </PluginData>
          </value>
        </entry>
        <entry key="com.jetbrains.performancePlugin.workspaceModel">
          <value>
            <PluginData>
              <option name="dependencies">
                <set>
                  <option value="com.intellij.javaee.app.servers.integration" />
                  <option value="com.intellij.modules.lang" />
                  <option value="com.jetbrains.performancePlugin" />
                  <option value="com.jetbrains.performancePlugin.gradle" />
                  <option value="com.jetbrains.performancePlugin.maven" />
                </set>
              </option>
              <option name="enabled" value="false" />
            </PluginData>
          </value>
        </entry>
        <entry key="com.jetbrains.plugins.ini4idea">
          <value>
            <PluginData>
              <option name="dependencies">
                <set>
                  <option value="com.intellij.modules.lang" />
                </set>
              </option>
              <option name="enabled" value="false" />
            </PluginData>
          </value>
        </entry>
        <entry key="com.jetbrains.plugins.webDeployment">
          <value>
            <PluginData>
              <option name="enabled" value="false" />
            </PluginData>
          </value>
        </entry>
        <entry key="com.jetbrains.restClient">
          <value>
            <PluginData>
              <option name="enabled" value="false" />
            </PluginData>
          </value>
        </entry>
        <entry key="com.jetbrains.restWebServices">
          <value>
            <PluginData>
              <option name="enabled" value="false" />
            </PluginData>
          </value>
        </entry>
        <entry key="com.jetbrains.space">
          <value>
            <PluginData>
              <option name="enabled" value="false" />
            </PluginData>
          </value>
        </entry>
        <entry key="com.leinardi.pycharm.pylint">
          <value>
            <PluginData>
              <option name="dependencies">
                <set>
                  <option value="com.intellij.modules.lang" />
                  <option value="com.intellij.modules.python" />
                </set>
              </option>
              <option name="enabled" value="false" />
            </PluginData>
          </value>
        </entry>
        <entry key="com.mallowigi">
          <value>
            <PluginData>
              <option name="dependencies">
                <set>
                  <option value="com.intellij.modules.platform" />
                </set>
              </option>
            </PluginData>
          </value>
        </entry>
        <entry key="cucumber-groovy">
          <value>
            <PluginData>
              <option name="dependencies">
                <set>
                  <option value="cucumber-java" />
                  <option value="gherkin" />
                  <option value="org.intellij.groovy" />
                </set>
              </option>
              <option name="enabled" value="false" />
            </PluginData>
          </value>
        </entry>
        <entry key="cucumber-java">
          <value>
            <PluginData>
              <option name="dependencies">
                <set>
                  <option value="JUnit" />
                  <option value="com.intellij.modules.java" />
                  <option value="gherkin" />
                </set>
              </option>
              <option name="enabled" value="false" />
            </PluginData>
          </value>
        </entry>
        <entry key="gherkin">
          <value>
            <PluginData>
              <option name="dependencies">
                <set>
                  <option value="com.intellij.modules.xml" />
                  <option value="org.intellij.intelliLang" />
                </set>
              </option>
              <option name="enabled" value="false" />
            </PluginData>
          </value>
        </entry>
        <entry key="hg4idea">
          <value>
            <PluginData>
              <option name="dependencies">
                <set>
                  <option value="com.intellij.modules.vcs" />
                </set>
              </option>
              <option name="enabled" value="false" />
            </PluginData>
          </value>
        </entry>
        <entry key="idea.plugin.protoeditor">
          <value>
            <PluginData>
              <option name="enabled" value="false" />
            </PluginData>
          </value>
        </entry>
        <entry key="intellij.ktor">
          <value>
            <PluginData>
              <option name="dependencies">
                <set>
                  <option value="com.intellij.externalSystem.dependencyUpdater" />
                  <option value="com.intellij.microservices.jvm" />
                  <option value="com.intellij.modules.java" />
                  <option value="com.intellij.modules.platform" />
                  <option value="com.intellij.modules.ultimate" />
                  <option value="com.intellij.properties" />
                  <option value="org.intellij.plugins.markdown" />
                  <option value="org.jetbrains.kotlin" />
                </set>
              </option>
              <option name="enabled" value="false" />
            </PluginData>
          </value>
        </entry>
        <entry key="io.github.fatihbozik.intellij-license-generator">
          <value>
            <PluginData>
              <option name="dependencies">
                <set>
                  <option value="com.intellij.modules.lang" />
                </set>
              </option>
              <option name="enabled" value="false" />
            </PluginData>
          </value>
        </entry>
        <entry key="io.snyk.snyk-intellij-plugin">
          <value>
            <PluginData>
              <option name="dependencies">
                <set>
                  <option value="com.intellij.modules.lang" />
                  <option value="com.intellij.modules.platform" />
                </set>
              </option>
              <option name="enabled" value="false" />
            </PluginData>
          </value>
        </entry>
        <entry key="krasa.CpuUsageIndicator">
          <value>
            <PluginData>
              <option name="dependencies">
                <set>
                  <option value="com.intellij.modules.lang" />
                </set>
              </option>
            </PluginData>
          </value>
        </entry>
        <entry key="org.editorconfig.editorconfigjetbrains">
          <value>
            <PluginData>
              <option name="dependencies">
                <set>
                  <option value="com.intellij.modules.lang" />
                </set>
              </option>
              <option name="enabled" value="false" />
            </PluginData>
          </value>
        </entry>
        <entry key="org.intellij.plugins.hcl">
          <value>
            <PluginData>
              <option name="dependencies">
                <set>
                  <option value="com.intellij.modules.lang" />
                  <option value="com.intellij.modules.platform" />
                </set>
              </option>
              <option name="enabled" value="false" />
            </PluginData>
          </value>
        </entry>
        <entry key="org.intellij.qodana">
          <value>
            <PluginData>
              <option name="dependencies">
                <set>
                  <option value="com.intellij.modules.lang" />
                </set>
              </option>
              <option name="enabled" value="false" />
            </PluginData>
          </value>
        </entry>
        <entry key="org.jetbrains.android">
          <value>
            <PluginData>
              <option name="dependencies">
                <set>
                  <option value="JUnit" />
                  <option value="com.android.tools.idea.smali" />
                  <option value="com.intellij.gradle" />
                  <option value="com.intellij.modules.java" />
                  <option value="com.intellij.modules.java-capable" />
                  <option value="com.intellij.platform.images" />
                  <option value="com.intellij.properties" />
                  <option value="intellij.webp" />
                  <option value="org.intellij.groovy" />
                  <option value="org.intellij.intelliLang" />
                  <option value="org.jetbrains.idea.gradle.dsl" />
                  <option value="org.jetbrains.kotlin" />
                  <option value="org.jetbrains.plugins.gradle" />
                </set>
              </option>
              <option name="enabled" value="false" />
            </PluginData>
          </value>
        </entry>
        <entry key="org.jetbrains.idea.eclipse">
          <value>
            <PluginData>
              <option name="dependencies">
                <set>
                  <option value="com.intellij.modules.java" />
                </set>
              </option>
              <option name="enabled" value="false" />
            </PluginData>
          </value>
        </entry>
        <entry key="org.jetbrains.idea.maven">
          <value>
            <PluginData>
              <option name="dependencies">
                <set>
                  <option value="com.intellij.modules.java" />
                  <option value="com.intellij.properties" />
                  <option value="org.jetbrains.idea.maven.model" />
                  <option value="org.jetbrains.idea.reposearch" />
                </set>
              </option>
            </PluginData>
          </value>
        </entry>
        <entry key="org.jetbrains.idea.maven.ext">
          <value>
            <PluginData>
              <option name="enabled" value="false" />
            </PluginData>
          </value>
        </entry>
        <entry key="org.jetbrains.plugins.gradle.maven">
          <value>
            <PluginData>
              <option name="dependencies">
                <set>
                  <option value="org.intellij.groovy" />
                  <option value="org.jetbrains.idea.maven" />
                  <option value="org.jetbrains.idea.reposearch" />
                  <option value="org.jetbrains.plugins.gradle" />
                </set>
              </option>
              <option name="enabled" value="false" />
            </PluginData>
          </value>
        </entry>
        <entry key="org.jetbrains.plugins.haml">
          <value>
            <PluginData>
              <option name="enabled" value="false" />
            </PluginData>
          </value>
        </entry>
        <entry key="org.jetbrains.plugins.javaFX">
          <value>
            <PluginData>
              <option name="dependencies">
                <set>
                  <option value="com.intellij.modules.java" />
                </set>
              </option>
              <option name="enabled" value="false" />
            </PluginData>
          </value>
        </entry>
        <entry key="org.jetbrains.plugins.less">
          <value>
            <PluginData>
              <option name="enabled" value="false" />
            </PluginData>
          </value>
        </entry>
        <entry key="org.jetbrains.plugins.remote-run">
          <value>
            <PluginData>
              <option name="enabled" value="false" />
            </PluginData>
          </value>
        </entry>
        <entry key="org.jetbrains.plugins.sass">
          <value>
            <PluginData>
              <option name="dependencies">
                <set>
                  <option value="com.intellij.css" />
                  <option value="com.intellij.modules.lang" />
                </set>
              </option>
              <option name="enabled" value="false" />
            </PluginData>
          </value>
        </entry>
        <entry key="org.jetbrains.plugins.spotbugs">
          <value>
            <PluginData>
              <option name="dependencies">
                <set>
                  <option value="com.intellij.modules.java" />
                  <option value="com.intellij.modules.lang" />
                </set>
              </option>
            </PluginData>
          </value>
        </entry>
        <entry key="org.jetbrains.plugins.stylus">
          <value>
            <PluginData>
              <option name="dependencies">
                <set>
                  <option value="com.intellij.css" />
                  <option value="com.intellij.modules.lang" />
                </set>
              </option>
              <option name="enabled" value="false" />
            </PluginData>
          </value>
        </entry>
        <entry key="org.jetbrains.plugins.terminal">
          <value>
            <PluginData>
              <option name="dependencies">
                <set>
                  <option value="com.intellij.modules.platform" />
                </set>
              </option>
              <option name="enabled" value="false" />
            </PluginData>
          </value>
        </entry>
        <entry key="org.jetbrains.plugins.textmate">
          <value>
            <PluginData>
              <option name="dependencies">
                <set>
                  <option value="com.intellij.modules.lang" />
                </set>
              </option>
              <option name="enabled" value="false" />
            </PluginData>
          </value>
        </entry>
        <entry key="org.jetbrains.security.package-checker">
          <value>
            <PluginData>
              <option name="enabled" value="false" />
            </PluginData>
          </value>
        </entry>
        <entry key="org.jetbrains.settingsRepository">
          <value>
            <PluginData>
              <option name="dependencies">
                <set>
                  <option value="com.intellij.modules.xml" />
                </set>
              </option>
              <option name="enabled" value="false" />
            </PluginData>
          </value>
        </entry>
        <entry key="ru.adelf.idea.dotenv">
          <value>
            <PluginData>
              <option name="dependencies">
                <set>
                  <option value="com.intellij.modules.platform" />
                </set>
              </option>
            </PluginData>
          </value>
        </entry>
        <entry key="ru.meanmail.plugin.requirements">
          <value>
            <PluginData>
              <option name="dependencies">
                <set>
                  <option value="com.intellij.modules.lang" />
                  <option value="com.intellij.modules.platform" />
                </set>
              </option>
              <option name="enabled" value="false" />
            </PluginData>
          </value>
        </entry>
        <entry key="ru.sadv1r.ansible-vault-editor-idea-plugin">
          <value>
            <PluginData>
              <option name="dependencies">
                <set>
                  <option value="com.intellij.modules.platform" />
                  <option value="org.jetbrains.plugins.yaml" />
                </set>
              </option>
              <option name="enabled" value="false" />
            </PluginData>
          </value>
        </entry>
        <entry key="spy-js">
          <value>
            <PluginData>
              <option name="dependencies">
                <set>
                  <option value="JavaScript" />
                  <option value="JavaScriptDebugger" />
                  <option value="com.intellij.modules.xml" />
                </set>
              </option>
              <option name="enabled" value="false" />
            </PluginData>
          </value>
        </entry>
        <entry key="tanvd.grazi">
          <value>
            <PluginData>
              <option name="enabled" value="false" />
            </PluginData>
          </value>
        </entry>
        <entry key="training.git">
          <value>
            <PluginData>
              <option name="dependencies">
                <set>
                  <option value="Git4Idea" />
                  <option value="com.intellij.modules.lang" />
                  <option value="training" />
                </set>
              </option>
              <option name="enabled" value="false" />
            </PluginData>
          </value>
        </entry>
        <entry key="tslint">
          <value>
            <PluginData>
              <option name="dependencies">
                <set>
                  <option value="JavaScript" />
                  <option value="com.intellij.modules.platform" />
                </set>
              </option>
              <option name="enabled" value="false" />
            </PluginData>
          </value>
        </entry>
      </map>
    </option>
  </component>
</application>