<code_scheme name="Default" version="173">
  <option name="RIGHT_MARGIN" value="1000" />
  <option name="SOFT_MARGINS" value="120" />
  <Python>
    <option name="SPACE_WITHIN_BRACES" value="true" />
    <option name="SPACE_BEFORE_PY_COLON" value="true" />
    <option name="SPACE_AROUND_EQ_IN_NAMED_PARAMETER" value="true" />
    <option name="SPACE_AROUND_EQ_IN_KEYWORD_ARGUMENT" value="true" />
    <option name="DICT_ALIGNMENT" value="2" />
    <option name="DICT_WRAPPING" value="0" />
    <option name="OPTIMIZE_IMPORTS_JOIN_FROM_IMPORTS_WITH_SAME_SOURCE" value="true" />
    <option name="FROM_IMPORT_WRAPPING" value="0" />
  </Python>
</code_scheme>