<application>
  <component name="com.intellij.ide.ui.customization.CustomActionsSchema">
    <group value="ProfilingActions" is_group="true" action_type="-1" position="12">
      <path value="root" />
      <path value="Main Toolbar" />
      <option name="myInitialPosition" value="-1" />
    </group>
    <group value="Coverage" is_action="true" action_type="-1" position="2">
      <path value="root" />
      <path value="Main Toolbar" />
      <path value="Toolbar Run Actions" />
      <path value="Run/Debug" />
      <option name="myInitialPosition" value="-1" />
    </group>
    <group value="Debug" is_action="true" action_type="-1" position="1">
      <path value="root" />
      <path value="Main Toolbar" />
      <path value="Toolbar Run Actions" />
      <path value="Run/Debug" />
      <option name="myInitialPosition" value="-1" />
    </group>
  </component>
</application>