<application>
  <component name="FeatureSuggesterSettings">
    <option name="workingDays">
      <list>
        <option value="1651220219676" />
        <option value="1651248013740" />
        <option value="1651419237942" />
        <option value="1651421181391" />
        <option value="1651507592341" />
        <option value="1651658251317" />
        <option value="1651680057624" />
        <option value="1651798093033" />
        <option value="1652023546874" />
        <option value="1652145265798" />
        <option value="1652230533959" />
        <option value="1652320639185" />
        <option value="1652371604881" />
        <option value="1652457601270" />
        <option value="1652544000234" />
        <option value="1652630413124" />
        <option value="1652716806678" />
        <option value="1652803200596" />
        <option value="1652890832786" />
        <option value="1652976003564" />
        <option value="1653062401659" />
        <option value="1653232058672" />
        <option value="1653268086964" />
        <option value="1653322140857" />
        <option value="1653408000030" />
        <option value="1653494638361" />
        <option value="1653580812300" />
        <option value="1653667317140" />
        <option value="1653890245587" />
        <option value="1654056343523" />
      </list>
    </option>
  </component>
</application>