<application>
  <component name="ExportableFileTemplateSettings">
    <default_templates>
      <template name="License (Apache-2.0)." file-name="LICENSE" reformat="true" live-template-enabled="true" />
      <template name="License (BSD)." file-name="LICENSE" reformat="true" live-template-enabled="false" />
      <template name="License (FreeBSD)." file-name="LICENSE" reformat="true" live-template-enabled="false" />
      <template name="License (GPL)." file-name="LICENSE" reformat="true" live-template-enabled="false" />
      <template name="License (MIT)." file-name="LICENSE" reformat="true" live-template-enabled="false" />
      <template name="License (MPL-2.0)." file-name="LICENSE" reformat="true" live-template-enabled="false" />
    </default_templates>
  </component>
</application>