<application>
  <component name="FileTypeManager" version="18">
    <extensionMap>
      <mapping pattern="openapi:" type="AUTO_DETECTED" />
      <mapping pattern="LICENSE" type="PLAIN_TEXT" />
      <mapping pattern=".gitkeep" type="PLAIN_TEXT" />
      <mapping ext="pro" type="PLAIN_TEXT" />
      <mapping ext="gradle" type="PLAIN_TEXT" />
      <mapping ext="3" type="PLAIN_TEXT" />
      <mapping ext="" type="PLAIN_TEXT" />
      <removed_mapping ext="ignore" approved="true" type="IgnoreLang file" />
      <removed_mapping ext="properties" approved="true" type="PLAIN_TEXT" />
      <removed_mapping ext="yaml" approved="true" type="YAML_EX" />
      <removed_mapping ext="yml" approved="true" type="YAML_EX" />
      <mapping ext="template" type="Ini" />
      <mapping pattern="gitignore_global.txt" type="Git file" />
    </extensionMap>
  </component>
</application>