<application>
  <component name="ProjectManager">
    <defaultProject>
      <component name="Encoding" native2AsciiForPropertiesFiles="true" defaultCharsetForPropertiesFiles="UTF-8">
        <file url="PROJECT" charset="UTF-8" />
      </component>
      <component name="InspectionProjectProfileManager">
        <profile version="1.0">
          <option name="myName" value="Project Default" />
        </profile>
        <version value="1.0" />
      </component>
      <component name="JavaScriptLibraryMappings">
        <includedPredefinedLibrary name="Node.js Core" />
      </component>
      <component name="JavaScriptSettings">
        <option name="languageLevel" value="FLOW" />
      </component>
      <component name="JsBowerSettings">
        <exe-path />
        <config-path />
      </component>
      <component name="JsFlowSettings">
        <service-enabled>true</service-enabled>
        <exe-path>$USER_HOME$/AppData/Roaming/npm/node_modules/flow-bin</exe-path>
        <other-services-enabled>true</other-services-enabled>
        <auto-save>true</auto-save>
      </component>
      <component name="MarkdownSettings">
        <enabledExtensions>
          <entry key="MermaidLanguageExtension" value="false" />
          <entry key="PlantUMLLanguageExtension" value="false" />
        </enabledExtensions>
      </component>
      <component name="MarkdownSettingsMigration">
        <option name="stateVersion" value="1" />
      </component>
      <component name="ProjectInspectionProfilesVisibleTreeState">
        <entry key="Project Default">
          <profile-state>
            <expanded-state>
              <State />
            </expanded-state>
            <selected-state>
              <State>
                <id>BashSupport</id>
              </State>
            </selected-state>
          </profile-state>
        </entry>
      </component>
      <component name="PropertiesComponent">
        <property name="JavaScriptPreferStrict" value="true" />
        <property name="JavaScriptWeakerCompletionTypeGuess" value="true" />
        <property name="javascript.nodejs.core.library.configured.version" value="17.4.0" />
        <property name="javascript.nodejs.core.library.typings.version" value="17.0.12" />
        <property name="js-jscs-nodeInterpreter" value="/usr/local/bin/node" />
        <property name="js.eslint.eslintPackage" value="" />
        <property name="node.js.path.for.package.eslint" value="project" />
        <property name="node.js.path.for.package.jscs" value="project" />
        <property name="node.js.path.for.package.standard" value="project" />
        <property name="node.js.path.for.package.stylelint" value="project" />
        <property name="node.js.selected.package.eslint" value="(autodetect)" />
        <property name="node.js.selected.package.jscs" value="" />
        <property name="node.js.selected.package.standard" value="" />
        <property name="node.js.selected.package.stylelint" value="" />
        <property name="node.js.selected.package.tslint" value="(autodetect)" />
        <property name="nodejs_interpreter_path" value="node" />
        <property name="nodejs_interpreter_path.stuck_in_default_project" value="/usr/local/bin/node" />
        <property name="nodejs_npm_path_reset_for_default_project" value="true" />
        <property name="nodejs_package_manager_path" value="npm" />
        <property name="settings.editor.selected.configurable" value="configurable.group.appearance" />
      </component>
      <component name="VcsContentAnnotationSettings">
        <option name="myLimit" value="2678400000" />
      </component>
      <component name="com.github.timo_reymann.ansible_vault_integration.settings.AnsibleVaultSettings">
        <option name="vaultExecutable" value="/usr/bin/ansible-vault" />
      </component>
    </defaultProject>
  </component>
</application>