<application>
  <component name="ProjectManager">
    <defaultProject>
      <component name="Encoding" native2AsciiForPropertiesFiles="true" defaultCharsetForPropertiesFiles="UTF-8">
        <file url="PROJECT" charset="UTF-8" />
      </component>
      <component name="ProjectRootManager" version="2" project-jdk-name="Python 3.8" project-jdk-type="Python SDK" />
      <component name="PropertiesComponent">
        <property name="settings.editor.selected.configurable" value="com.jetbrains.python.configuration.PyActiveSdkModuleConfigurable" />
      </component>
      <component name="PyConsoleOptionsProvider">
        <option name="myPythonConsoleState">
          <console-settings sdk-home="/usr/local/bin/python3.8">
            <option name="mySdkHome" value="/usr/local/bin/python3.8" />
          </console-settings>
        </option>
      </component>
      <component name="PyDebuggerOptionsProvider">
        <option name="mySaveCallSignatures" value="true" />
        <option name="mySupportQtDebugging" value="false" />
      </component>
    </defaultProject>
  </component>
</application>