<code_scheme name="Default" version="173">
  <option name="LINE_SEPARATOR" value="&#10;" />
  <option name="SOFT_MARGINS" value="120" />
  <CssCodeStyleSettings>
    <option name="HEX_COLOR_LOWER_CASE" value="true" />
    <option name="HEX_COLOR_LONG_FORMAT" value="true" />
    <option name="USE_DOUBLE_QUOTES" value="false" />
    <option name="ENFORCE_QUOTES_ON_FORMAT" value="true" />
  </CssCodeStyleSettings>
  <HTMLCodeStyleSettings>
    <option name="HTML_TEXT_WRAP" value="0" />
    <option name="HTML_SPACE_INSIDE_EMPTY_TAG" value="true" />
    <option name="HTML_QUOTE_STYLE" value="Single" />
    <option name="HTML_ENFORCE_QUOTES" value="true" />
    <option name="HTML_NEWLINE_BEFORE_FIRST_ATTRIBUTE" value="When multiline" />
  </HTMLCodeStyleSettings>
  <JSCodeStyleSettings version="0">
    <option name="FORCE_SEMICOLON_STYLE" value="true" />
    <option name="SPACE_BEFORE_TYPE_COLON" value="true" />
    <option name="FIELD_PREFIX" value="" />
    <option name="SPACE_BEFORE_PROPERTY_COLON" value="true" />
    <option name="ALIGN_OBJECT_PROPERTIES" value="2" />
    <option name="ALIGN_VAR_STATEMENTS" value="1" />
    <option name="SPACE_WITHIN_ARRAY_INITIALIZER_BRACKETS" value="true" />
    <option name="REFORMAT_C_STYLE_COMMENTS" value="true" />
    <option name="USE_DOUBLE_QUOTES" value="false" />
    <option name="FORCE_QUOTE_STYlE" value="true" />
    <option name="VAR_DECLARATION_WRAP" value="2" />
    <option name="OBJECT_LITERAL_WRAP" value="2" />
    <option name="IMPORTS_WRAP" value="2" />
    <option name="SPACES_WITHIN_OBJECT_LITERAL_BRACES" value="true" />
    <option name="SPACES_WITHIN_IMPORTS" value="true" />
    <option name="IMPORT_SORT_MODULE_NAME" value="true" />
    <option name="USE_PATH_MAPPING" value="DIFFERENT_PATHS" />
  </JSCodeStyleSettings>
  <JSON>
    <option name="SPACE_BEFORE_COLON" value="true" />
    <option name="PROPERTY_ALIGNMENT" value="2" />
  </JSON>
  <Shell_Script>
    <option name="MINIFY_PROGRAM" value="true" />
  </Shell_Script>
  <TypeScriptCodeStyleSettings version="0">
    <option name="FORCE_SEMICOLON_STYLE" value="true" />
    <option name="SPACE_BEFORE_TYPE_COLON" value="true" />
    <option name="FIELD_PREFIX" value="" />
    <option name="SPACE_BEFORE_PROPERTY_COLON" value="true" />
    <option name="ALIGN_OBJECT_PROPERTIES" value="2" />
    <option name="ALIGN_VAR_STATEMENTS" value="1" />
    <option name="SPACE_WITHIN_ARRAY_INITIALIZER_BRACKETS" value="true" />
    <option name="REFORMAT_C_STYLE_COMMENTS" value="true" />
    <option name="USE_PUBLIC_MODIFIER" value="true" />
    <option name="USE_DOUBLE_QUOTES" value="false" />
    <option name="FORCE_QUOTE_STYlE" value="true" />
    <option name="VAR_DECLARATION_WRAP" value="2" />
    <option name="OBJECT_LITERAL_WRAP" value="2" />
    <option name="IMPORTS_WRAP" value="0" />
    <option name="UNION_TYPES_WRAP" value="2" />
    <option name="SPACES_WITHIN_IMPORTS" value="true" />
    <option name="ALIGN_UNION_TYPES" value="true" />
    <option name="SPACES_WITHIN_INTERPOLATION_EXPRESSIONS" value="true" />
  </TypeScriptCodeStyleSettings>
  <XML>
    <option name="XML_ATTRIBUTE_WRAP" value="2" />
    <option name="XML_TEXT_WRAP" value="0" />
    <option name="XML_SPACE_INSIDE_EMPTY_TAG" value="true" />
  </XML>
  <codeStyleSettings language="CSS">
    <indentOptions>
      <option name="CONTINUATION_INDENT_SIZE" value="4" />
    </indentOptions>
    <arrangement>
      <rules>
        <section>
          <rule>
            <match>
              <NAME>(-[a-z]+-)?font</NAME>
            </match>
            <order>BY_NAME</order>
          </rule>
          <rule>
            <match>
              <NAME>(-[a-z]+-)?font-family</NAME>
            </match>
            <order>BY_NAME</order>
          </rule>
          <rule>
            <match>
              <NAME>(-[a-z]+-)?font-size</NAME>
            </match>
            <order>BY_NAME</order>
          </rule>
          <rule>
            <match>
              <NAME>(-[a-z]+-)?font-weight</NAME>
            </match>
            <order>BY_NAME</order>
          </rule>
          <rule>
            <match>
              <NAME>(-[a-z]+-)?font-style</NAME>
            </match>
            <order>BY_NAME</order>
          </rule>
          <rule>
            <match>
              <NAME>(-[a-z]+-)?font-variant</NAME>
            </match>
            <order>BY_NAME</order>
          </rule>
          <rule>
            <match>
              <NAME>(-[a-z]+-)?font-size-adjust</NAME>
            </match>
            <order>BY_NAME</order>
          </rule>
          <rule>
            <match>
              <NAME>(-[a-z]+-)?font-stretch</NAME>
            </match>
            <order>BY_NAME</order>
          </rule>
          <rule>
            <match>
              <NAME>(-[a-z]+-)?line-height</NAME>
            </match>
            <order>BY_NAME</order>
          </rule>
          <rule>
            <match>
              <NAME>(-[a-z]+-)?position</NAME>
            </match>
            <order>BY_NAME</order>
          </rule>
          <rule>
            <match>
              <NAME>(-[a-z]+-)?z-index</NAME>
            </match>
            <order>BY_NAME</order>
          </rule>
          <rule>
            <match>
              <NAME>(-[a-z]+-)?top</NAME>
            </match>
            <order>BY_NAME</order>
          </rule>
          <rule>
            <match>
              <NAME>(-[a-z]+-)?right</NAME>
            </match>
            <order>BY_NAME</order>
          </rule>
          <rule>
            <match>
              <NAME>(-[a-z]+-)?bottom</NAME>
            </match>
            <order>BY_NAME</order>
          </rule>
          <rule>
            <match>
              <NAME>(-[a-z]+-)?left</NAME>
            </match>
            <order>BY_NAME</order>
          </rule>
          <rule>
            <match>
              <NAME>(-[a-z]+-)?display</NAME>
            </match>
            <order>BY_NAME</order>
          </rule>
          <rule>
            <match>
              <NAME>(-[a-z]+-)?visibility</NAME>
            </match>
            <order>BY_NAME</order>
          </rule>
          <rule>
            <match>
              <NAME>(-[a-z]+-)?float</NAME>
            </match>
            <order>BY_NAME</order>
          </rule>
          <rule>
            <match>
              <NAME>(-[a-z]+-)?clear</NAME>
            </match>
            <order>BY_NAME</order>
          </rule>
          <rule>
            <match>
              <NAME>(-[a-z]+-)?overflow</NAME>
            </match>
            <order>BY_NAME</order>
          </rule>
          <rule>
            <match>
              <NAME>(-[a-z]+-)?overflow-x</NAME>
            </match>
            <order>BY_NAME</order>
          </rule>
          <rule>
            <match>
              <NAME>(-[a-z]+-)?overflow-y</NAME>
            </match>
            <order>BY_NAME</order>
          </rule>
          <rule>
            <match>
              <NAME>(-[a-z]+-)?clip</NAME>
            </match>
            <order>BY_NAME</order>
          </rule>
          <rule>
            <match>
              <NAME>(-[a-z]+-)?zoom</NAME>
            </match>
            <order>BY_NAME</order>
          </rule>
          <rule>
            <match>
              <NAME>(-[a-z]+-)?align-content</NAME>
            </match>
            <order>BY_NAME</order>
          </rule>
          <rule>
            <match>
              <NAME>(-[a-z]+-)?align-items</NAME>
            </match>
            <order>BY_NAME</order>
          </rule>
          <rule>
            <match>
              <NAME>(-[a-z]+-)?align-self</NAME>
            </match>
            <order>BY_NAME</order>
          </rule>
          <rule>
            <match>
              <NAME>(-[a-z]+-)?flex</NAME>
            </match>
            <order>BY_NAME</order>
          </rule>
          <rule>
            <match>
              <NAME>(-[a-z]+-)?flex-flow</NAME>
            </match>
            <order>BY_NAME</order>
          </rule>
          <rule>
            <match>
              <NAME>(-[a-z]+-)?flex-basis</NAME>
            </match>
            <order>BY_NAME</order>
          </rule>
          <rule>
            <match>
              <NAME>(-[a-z]+-)?flex-direction</NAME>
            </match>
            <order>BY_NAME</order>
          </rule>
          <rule>
            <match>
              <NAME>(-[a-z]+-)?flex-grow</NAME>
            </match>
            <order>BY_NAME</order>
          </rule>
          <rule>
            <match>
              <NAME>(-[a-z]+-)?flex-shrink</NAME>
            </match>
            <order>BY_NAME</order>
          </rule>
          <rule>
            <match>
              <NAME>(-[a-z]+-)?flex-wrap</NAME>
            </match>
            <order>BY_NAME</order>
          </rule>
          <rule>
            <match>
              <NAME>(-[a-z]+-)?justify-content</NAME>
            </match>
            <order>BY_NAME</order>
          </rule>
          <rule>
            <match>
              <NAME>(-[a-z]+-)?order</NAME>
            </match>
            <order>BY_NAME</order>
          </rule>
          <rule>
            <match>
              <NAME>(-[a-z]+-)?box-sizing</NAME>
            </match>
            <order>BY_NAME</order>
          </rule>
          <rule>
            <match>
              <NAME>(-[a-z]+-)?width</NAME>
            </match>
            <order>BY_NAME</order>
          </rule>
          <rule>
            <match>
              <NAME>(-[a-z]+-)?min-width</NAME>
            </match>
            <order>BY_NAME</order>
          </rule>
          <rule>
            <match>
              <NAME>(-[a-z]+-)?max-width</NAME>
            </match>
            <order>BY_NAME</order>
          </rule>
          <rule>
            <match>
              <NAME>(-[a-z]+-)?height</NAME>
            </match>
            <order>BY_NAME</order>
          </rule>
          <rule>
            <match>
              <NAME>(-[a-z]+-)?min-height</NAME>
            </match>
            <order>BY_NAME</order>
          </rule>
          <rule>
            <match>
              <NAME>(-[a-z]+-)?max-height</NAME>
            </match>
            <order>BY_NAME</order>
          </rule>
          <rule>
            <match>
              <NAME>(-[a-z]+-)?margin</NAME>
            </match>
            <order>BY_NAME</order>
          </rule>
          <rule>
            <match>
              <NAME>(-[a-z]+-)?margin-top</NAME>
            </match>
            <order>BY_NAME</order>
          </rule>
          <rule>
            <match>
              <NAME>(-[a-z]+-)?margin-right</NAME>
            </match>
            <order>BY_NAME</order>
          </rule>
          <rule>
            <match>
              <NAME>(-[a-z]+-)?margin-bottom</NAME>
            </match>
            <order>BY_NAME</order>
          </rule>
          <rule>
            <match>
              <NAME>(-[a-z]+-)?margin-left</NAME>
            </match>
            <order>BY_NAME</order>
          </rule>
          <rule>
            <match>
              <NAME>(-[a-z]+-)?padding</NAME>
            </match>
            <order>BY_NAME</order>
          </rule>
          <rule>
            <match>
              <NAME>(-[a-z]+-)?padding-top</NAME>
            </match>
            <order>BY_NAME</order>
          </rule>
          <rule>
            <match>
              <NAME>(-[a-z]+-)?padding-right</NAME>
            </match>
            <order>BY_NAME</order>
          </rule>
          <rule>
            <match>
              <NAME>(-[a-z]+-)?padding-bottom</NAME>
            </match>
            <order>BY_NAME</order>
          </rule>
          <rule>
            <match>
              <NAME>(-[a-z]+-)?padding-left</NAME>
            </match>
            <order>BY_NAME</order>
          </rule>
          <rule>
            <match>
              <NAME>(-[a-z]+-)?table-layout</NAME>
            </match>
            <order>BY_NAME</order>
          </rule>
          <rule>
            <match>
              <NAME>(-[a-z]+-)?empty-cells</NAME>
            </match>
            <order>BY_NAME</order>
          </rule>
          <rule>
            <match>
              <NAME>(-[a-z]+-)?caption-side</NAME>
            </match>
            <order>BY_NAME</order>
          </rule>
          <rule>
            <match>
              <NAME>(-[a-z]+-)?border-spacing</NAME>
            </match>
            <order>BY_NAME</order>
          </rule>
          <rule>
            <match>
              <NAME>(-[a-z]+-)?border-collapse</NAME>
            </match>
            <order>BY_NAME</order>
          </rule>
          <rule>
            <match>
              <NAME>(-[a-z]+-)?list-style</NAME>
            </match>
            <order>BY_NAME</order>
          </rule>
          <rule>
            <match>
              <NAME>(-[a-z]+-)?list-style-position</NAME>
            </match>
            <order>BY_NAME</order>
          </rule>
          <rule>
            <match>
              <NAME>(-[a-z]+-)?list-style-type</NAME>
            </match>
            <order>BY_NAME</order>
          </rule>
          <rule>
            <match>
              <NAME>(-[a-z]+-)?list-style-image</NAME>
            </match>
            <order>BY_NAME</order>
          </rule>
          <rule>
            <match>
              <NAME>(-[a-z]+-)?content</NAME>
            </match>
            <order>BY_NAME</order>
          </rule>
          <rule>
            <match>
              <NAME>(-[a-z]+-)?quotes</NAME>
            </match>
            <order>BY_NAME</order>
          </rule>
          <rule>
            <match>
              <NAME>(-[a-z]+-)?counter-reset</NAME>
            </match>
            <order>BY_NAME</order>
          </rule>
          <rule>
            <match>
              <NAME>(-[a-z]+-)?counter-increment</NAME>
            </match>
            <order>BY_NAME</order>
          </rule>
          <rule>
            <match>
              <NAME>(-[a-z]+-)?resize</NAME>
            </match>
            <order>BY_NAME</order>
          </rule>
          <rule>
            <match>
              <NAME>(-[a-z]+-)?cursor</NAME>
            </match>
            <order>BY_NAME</order>
          </rule>
          <rule>
            <match>
              <NAME>(-[a-z]+-)?user-select</NAME>
            </match>
            <order>BY_NAME</order>
          </rule>
          <rule>
            <match>
              <NAME>(-[a-z]+-)?nav-index</NAME>
            </match>
            <order>BY_NAME</order>
          </rule>
          <rule>
            <match>
              <NAME>(-[a-z]+-)?nav-up</NAME>
            </match>
            <order>BY_NAME</order>
          </rule>
          <rule>
            <match>
              <NAME>(-[a-z]+-)?nav-right</NAME>
            </match>
            <order>BY_NAME</order>
          </rule>
          <rule>
            <match>
              <NAME>(-[a-z]+-)?nav-down</NAME>
            </match>
            <order>BY_NAME</order>
          </rule>
          <rule>
            <match>
              <NAME>(-[a-z]+-)?nav-left</NAME>
            </match>
            <order>BY_NAME</order>
          </rule>
          <rule>
            <match>
              <NAME>(-[a-z]+-)?transition</NAME>
            </match>
            <order>BY_NAME</order>
          </rule>
          <rule>
            <match>
              <NAME>(-[a-z]+-)?transition-delay</NAME>
            </match>
            <order>BY_NAME</order>
          </rule>
          <rule>
            <match>
              <NAME>(-[a-z]+-)?transition-timing-function</NAME>
            </match>
            <order>BY_NAME</order>
          </rule>
          <rule>
            <match>
              <NAME>(-[a-z]+-)?transition-duration</NAME>
            </match>
            <order>BY_NAME</order>
          </rule>
          <rule>
            <match>
              <NAME>(-[a-z]+-)?transition-property</NAME>
            </match>
            <order>BY_NAME</order>
          </rule>
          <rule>
            <match>
              <NAME>(-[a-z]+-)?transform</NAME>
            </match>
            <order>BY_NAME</order>
          </rule>
          <rule>
            <match>
              <NAME>(-[a-z]+-)?transform-origin</NAME>
            </match>
            <order>BY_NAME</order>
          </rule>
          <rule>
            <match>
              <NAME>(-[a-z]+-)?animation</NAME>
            </match>
            <order>BY_NAME</order>
          </rule>
          <rule>
            <match>
              <NAME>(-[a-z]+-)?animation-name</NAME>
            </match>
            <order>BY_NAME</order>
          </rule>
          <rule>
            <match>
              <NAME>(-[a-z]+-)?animation-duration</NAME>
            </match>
            <order>BY_NAME</order>
          </rule>
          <rule>
            <match>
              <NAME>(-[a-z]+-)?animation-play-state</NAME>
            </match>
            <order>BY_NAME</order>
          </rule>
          <rule>
            <match>
              <NAME>(-[a-z]+-)?animation-timing-function</NAME>
            </match>
            <order>BY_NAME</order>
          </rule>
          <rule>
            <match>
              <NAME>(-[a-z]+-)?animation-delay</NAME>
            </match>
            <order>BY_NAME</order>
          </rule>
          <rule>
            <match>
              <NAME>(-[a-z]+-)?animation-iteration-count</NAME>
            </match>
            <order>BY_NAME</order>
          </rule>
          <rule>
            <match>
              <NAME>(-[a-z]+-)?animation-direction</NAME>
            </match>
            <order>BY_NAME</order>
          </rule>
          <rule>
            <match>
              <NAME>(-[a-z]+-)?text-align</NAME>
            </match>
            <order>BY_NAME</order>
          </rule>
          <rule>
            <match>
              <NAME>(-[a-z]+-)?text-align-last</NAME>
            </match>
            <order>BY_NAME</order>
          </rule>
          <rule>
            <match>
              <NAME>(-[a-z]+-)?vertical-align</NAME>
            </match>
            <order>BY_NAME</order>
          </rule>
          <rule>
            <match>
              <NAME>(-[a-z]+-)?white-space</NAME>
            </match>
            <order>BY_NAME</order>
          </rule>
          <rule>
            <match>
              <NAME>(-[a-z]+-)?text-decoration</NAME>
            </match>
            <order>BY_NAME</order>
          </rule>
          <rule>
            <match>
              <NAME>(-[a-z]+-)?text-emphasis</NAME>
            </match>
            <order>BY_NAME</order>
          </rule>
          <rule>
            <match>
              <NAME>(-[a-z]+-)?text-emphasis-color</NAME>
            </match>
            <order>BY_NAME</order>
          </rule>
          <rule>
            <match>
              <NAME>(-[a-z]+-)?text-emphasis-style</NAME>
            </match>
            <order>BY_NAME</order>
          </rule>
          <rule>
            <match>
              <NAME>(-[a-z]+-)?text-emphasis-position</NAME>
            </match>
            <order>BY_NAME</order>
          </rule>
          <rule>
            <match>
              <NAME>(-[a-z]+-)?text-indent</NAME>
            </match>
            <order>BY_NAME</order>
          </rule>
          <rule>
            <match>
              <NAME>(-[a-z]+-)?text-justify</NAME>
            </match>
            <order>BY_NAME</order>
          </rule>
          <rule>
            <match>
              <NAME>(-[a-z]+-)?letter-spacing</NAME>
            </match>
            <order>BY_NAME</order>
          </rule>
          <rule>
            <match>
              <NAME>(-[a-z]+-)?word-spacing</NAME>
            </match>
            <order>BY_NAME</order>
          </rule>
          <rule>
            <match>
              <NAME>(-[a-z]+-)?text-outline</NAME>
            </match>
            <order>BY_NAME</order>
          </rule>
          <rule>
            <match>
              <NAME>(-[a-z]+-)?text-transform</NAME>
            </match>
            <order>BY_NAME</order>
          </rule>
          <rule>
            <match>
              <NAME>(-[a-z]+-)?text-wrap</NAME>
            </match>
            <order>BY_NAME</order>
          </rule>
          <rule>
            <match>
              <NAME>(-[a-z]+-)?text-overflow</NAME>
            </match>
            <order>BY_NAME</order>
          </rule>
          <rule>
            <match>
              <NAME>(-[a-z]+-)?text-overflow-ellipsis</NAME>
            </match>
            <order>BY_NAME</order>
          </rule>
          <rule>
            <match>
              <NAME>(-[a-z]+-)?text-overflow-mode</NAME>
            </match>
            <order>BY_NAME</order>
          </rule>
          <rule>
            <match>
              <NAME>(-[a-z]+-)?word-wrap</NAME>
            </match>
            <order>BY_NAME</order>
          </rule>
          <rule>
            <match>
              <NAME>(-[a-z]+-)?word-break</NAME>
            </match>
            <order>BY_NAME</order>
          </rule>
          <rule>
            <match>
              <NAME>(-[a-z]+-)?tab-size</NAME>
            </match>
            <order>BY_NAME</order>
          </rule>
          <rule>
            <match>
              <NAME>(-[a-z]+-)?hyphens</NAME>
            </match>
            <order>BY_NAME</order>
          </rule>
          <rule>
            <match>
              <NAME>(-[a-z]+-)?pointer-events</NAME>
            </match>
            <order>BY_NAME</order>
          </rule>
          <rule>
            <match>
              <NAME>(-[a-z]+-)?opacity</NAME>
            </match>
            <order>BY_NAME</order>
          </rule>
          <rule>
            <match>
              <NAME>(-[a-z]+-)?color</NAME>
            </match>
            <order>BY_NAME</order>
          </rule>
          <rule>
            <match>
              <NAME>(-[a-z]+-)?border</NAME>
            </match>
            <order>BY_NAME</order>
          </rule>
          <rule>
            <match>
              <NAME>(-[a-z]+-)?border-width</NAME>
            </match>
            <order>BY_NAME</order>
          </rule>
          <rule>
            <match>
              <NAME>(-[a-z]+-)?border-style</NAME>
            </match>
            <order>BY_NAME</order>
          </rule>
          <rule>
            <match>
              <NAME>(-[a-z]+-)?border-color</NAME>
            </match>
            <order>BY_NAME</order>
          </rule>
          <rule>
            <match>
              <NAME>(-[a-z]+-)?border-top</NAME>
            </match>
            <order>BY_NAME</order>
          </rule>
          <rule>
            <match>
              <NAME>(-[a-z]+-)?border-top-width</NAME>
            </match>
            <order>BY_NAME</order>
          </rule>
          <rule>
            <match>
              <NAME>(-[a-z]+-)?border-top-style</NAME>
            </match>
            <order>BY_NAME</order>
          </rule>
          <rule>
            <match>
              <NAME>(-[a-z]+-)?border-top-color</NAME>
            </match>
            <order>BY_NAME</order>
          </rule>
          <rule>
            <match>
              <NAME>(-[a-z]+-)?border-right</NAME>
            </match>
            <order>BY_NAME</order>
          </rule>
          <rule>
            <match>
              <NAME>(-[a-z]+-)?border-right-width</NAME>
            </match>
            <order>BY_NAME</order>
          </rule>
          <rule>
            <match>
              <NAME>(-[a-z]+-)?border-right-style</NAME>
            </match>
            <order>BY_NAME</order>
          </rule>
          <rule>
            <match>
              <NAME>(-[a-z]+-)?border-right-color</NAME>
            </match>
            <order>BY_NAME</order>
          </rule>
          <rule>
            <match>
              <NAME>(-[a-z]+-)?border-bottom</NAME>
            </match>
            <order>BY_NAME</order>
          </rule>
          <rule>
            <match>
              <NAME>(-[a-z]+-)?border-bottom-width</NAME>
            </match>
            <order>BY_NAME</order>
          </rule>
          <rule>
            <match>
              <NAME>(-[a-z]+-)?border-bottom-style</NAME>
            </match>
            <order>BY_NAME</order>
          </rule>
          <rule>
            <match>
              <NAME>(-[a-z]+-)?border-bottom-color</NAME>
            </match>
            <order>BY_NAME</order>
          </rule>
          <rule>
            <match>
              <NAME>(-[a-z]+-)?border-left</NAME>
            </match>
            <order>BY_NAME</order>
          </rule>
          <rule>
            <match>
              <NAME>(-[a-z]+-)?border-left-width</NAME>
            </match>
            <order>BY_NAME</order>
          </rule>
          <rule>
            <match>
              <NAME>(-[a-z]+-)?border-left-style</NAME>
            </match>
            <order>BY_NAME</order>
          </rule>
          <rule>
            <match>
              <NAME>(-[a-z]+-)?border-left-color</NAME>
            </match>
            <order>BY_NAME</order>
          </rule>
          <rule>
            <match>
              <NAME>(-[a-z]+-)?border-radius</NAME>
            </match>
            <order>BY_NAME</order>
          </rule>
          <rule>
            <match>
              <NAME>(-[a-z]+-)?border-top-left-radius</NAME>
            </match>
            <order>BY_NAME</order>
          </rule>
          <rule>
            <match>
              <NAME>(-[a-z]+-)?border-top-right-radius</NAME>
            </match>
            <order>BY_NAME</order>
          </rule>
          <rule>
            <match>
              <NAME>(-[a-z]+-)?border-bottom-right-radius</NAME>
            </match>
            <order>BY_NAME</order>
          </rule>
          <rule>
            <match>
              <NAME>(-[a-z]+-)?border-bottom-left-radius</NAME>
            </match>
            <order>BY_NAME</order>
          </rule>
          <rule>
            <match>
              <NAME>(-[a-z]+-)?border-image</NAME>
            </match>
            <order>BY_NAME</order>
          </rule>
          <rule>
            <match>
              <NAME>(-[a-z]+-)?border-image-source</NAME>
            </match>
            <order>BY_NAME</order>
          </rule>
          <rule>
            <match>
              <NAME>(-[a-z]+-)?border-image-slice</NAME>
            </match>
            <order>BY_NAME</order>
          </rule>
          <rule>
            <match>
              <NAME>(-[a-z]+-)?border-image-width</NAME>
            </match>
            <order>BY_NAME</order>
          </rule>
          <rule>
            <match>
              <NAME>(-[a-z]+-)?border-image-outset</NAME>
            </match>
            <order>BY_NAME</order>
          </rule>
          <rule>
            <match>
              <NAME>(-[a-z]+-)?border-image-repeat</NAME>
            </match>
            <order>BY_NAME</order>
          </rule>
          <rule>
            <match>
              <NAME>(-[a-z]+-)?outline</NAME>
            </match>
            <order>BY_NAME</order>
          </rule>
          <rule>
            <match>
              <NAME>(-[a-z]+-)?outline-width</NAME>
            </match>
            <order>BY_NAME</order>
          </rule>
          <rule>
            <match>
              <NAME>(-[a-z]+-)?outline-style</NAME>
            </match>
            <order>BY_NAME</order>
          </rule>
          <rule>
            <match>
              <NAME>(-[a-z]+-)?outline-color</NAME>
            </match>
            <order>BY_NAME</order>
          </rule>
          <rule>
            <match>
              <NAME>(-[a-z]+-)?outline-offset</NAME>
            </match>
            <order>BY_NAME</order>
          </rule>
          <rule>
            <match>
              <NAME>(-[a-z]+-)?background</NAME>
            </match>
            <order>BY_NAME</order>
          </rule>
          <rule>
            <match>
              <NAME>(-[a-z]+-)?background-color</NAME>
            </match>
            <order>BY_NAME</order>
          </rule>
          <rule>
            <match>
              <NAME>(-[a-z]+-)?background-image</NAME>
            </match>
            <order>BY_NAME</order>
          </rule>
          <rule>
            <match>
              <NAME>(-[a-z]+-)?background-repeat</NAME>
            </match>
            <order>BY_NAME</order>
          </rule>
          <rule>
            <match>
              <NAME>(-[a-z]+-)?background-attachment</NAME>
            </match>
            <order>BY_NAME</order>
          </rule>
          <rule>
            <match>
              <NAME>(-[a-z]+-)?background-position</NAME>
            </match>
            <order>BY_NAME</order>
          </rule>
          <rule>
            <match>
              <NAME>(-[a-z]+-)?background-position-x</NAME>
            </match>
            <order>BY_NAME</order>
          </rule>
          <rule>
            <match>
              <NAME>(-[a-z]+-)?background-position-y</NAME>
            </match>
            <order>BY_NAME</order>
          </rule>
          <rule>
            <match>
              <NAME>(-[a-z]+-)?background-clip</NAME>
            </match>
            <order>BY_NAME</order>
          </rule>
          <rule>
            <match>
              <NAME>(-[a-z]+-)?background-origin</NAME>
            </match>
            <order>BY_NAME</order>
          </rule>
          <rule>
            <match>
              <NAME>(-[a-z]+-)?background-size</NAME>
            </match>
            <order>BY_NAME</order>
          </rule>
          <rule>
            <match>
              <NAME>(-[a-z]+-)?box-decoration-break</NAME>
            </match>
            <order>BY_NAME</order>
          </rule>
          <rule>
            <match>
              <NAME>(-[a-z]+-)?box-shadow</NAME>
            </match>
            <order>BY_NAME</order>
          </rule>
          <rule>
            <match>
              <NAME>(-[a-z]+-)?text-shadow</NAME>
            </match>
            <order>BY_NAME</order>
          </rule>
        </section>
      </rules>
    </arrangement>
  </codeStyleSettings>
  <codeStyleSettings language="HTML">
    <option name="SOFT_MARGINS" value="80,120" />
    <indentOptions>
      <option name="CONTINUATION_INDENT_SIZE" value="4" />
    </indentOptions>
  </codeStyleSettings>
  <codeStyleSettings language="JSON">
    <option name="SPACE_WITHIN_BRACKETS" value="true" />
    <indentOptions>
      <option name="INDENT_SIZE" value="4" />
      <option name="CONTINUATION_INDENT_SIZE" value="4" />
    </indentOptions>
  </codeStyleSettings>
  <codeStyleSettings language="JavaScript">
    <option name="ALIGN_MULTILINE_BINARY_OPERATION" value="true" />
    <option name="ALIGN_MULTILINE_EXTENDS_LIST" value="true" />
    <option name="SPACE_WITHIN_BRACKETS" value="true" />
    <option name="TERNARY_OPERATION_SIGNS_ON_NEXT_LINE" value="true" />
    <option name="ARRAY_INITIALIZER_WRAP" value="2" />
    <option name="ARRAY_INITIALIZER_LBRACE_ON_NEXT_LINE" value="true" />
    <option name="ARRAY_INITIALIZER_RBRACE_ON_NEXT_LINE" value="true" />
    <option name="PLACE_ASSIGNMENT_SIGN_ON_NEXT_LINE" value="true" />
  </codeStyleSettings>
  <codeStyleSettings language="Shell Script">
    <indentOptions>
      <option name="INDENT_SIZE" value="4" />
      <option name="TAB_SIZE" value="4" />
    </indentOptions>
  </codeStyleSettings>
  <codeStyleSettings language="TypeScript">
    <option name="ALIGN_MULTILINE_PARAMETERS" value="false" />
    <option name="ALIGN_MULTILINE_TERNARY_OPERATION" value="true" />
    <option name="ALIGN_MULTILINE_EXTENDS_LIST" value="true" />
    <option name="ALIGN_MULTILINE_ARRAY_INITIALIZER_EXPRESSION" value="true" />
    <option name="TERNARY_OPERATION_SIGNS_ON_NEXT_LINE" value="true" />
    <option name="ARRAY_INITIALIZER_WRAP" value="2" />
    <option name="ARRAY_INITIALIZER_LBRACE_ON_NEXT_LINE" value="true" />
    <option name="ARRAY_INITIALIZER_RBRACE_ON_NEXT_LINE" value="true" />
    <option name="ENUM_CONSTANTS_WRAP" value="2" />
  </codeStyleSettings>
  <codeStyleSettings language="XML">
    <option name="SOFT_MARGINS" value="120" />
    <indentOptions>
      <option name="CONTINUATION_INDENT_SIZE" value="4" />
    </indentOptions>
  </codeStyleSettings>
</code_scheme>